{"timestamp":"2026-05-19T12:46:08.103036Z","level":"info","event":"Filling up the DagBag from /opt/airflow/dags/dag.py","logger":"airflow.dag_processing.dagbag.BundleDagBag","filename":"dagbag.py","lineno":469}
{"timestamp":"2026-05-19T12:46:38.862062Z","level":"info","event":"Filling up the DagBag from /opt/airflow/dags/dag.py","logger":"airflow.dag_processing.dagbag.BundleDagBag","filename":"dagbag.py","lineno":469}
{"timestamp":"2026-05-19T12:47:09.442290Z","level":"info","event":"Filling up the DagBag from /opt/airflow/dags/dag.py","logger":"airflow.dag_processing.dagbag.BundleDagBag","filename":"dagbag.py","lineno":469}
{"timestamp":"2026-05-19T12:47:40.130958Z","level":"info","event":"Filling up the DagBag from /opt/airflow/dags/dag.py","logger":"airflow.dag_processing.dagbag.BundleDagBag","filename":"dagbag.py","lineno":469}
{"timestamp":"2026-05-19T12:48:45.874004Z","level":"info","event":"Filling up the DagBag from /opt/airflow/dags/dag.py","logger":"airflow.dag_processing.dagbag.BundleDagBag","filename":"dagbag.py","lineno":469}
{"timestamp":"2026-05-19T12:49:16.600168Z","level":"info","event":"Filling up the DagBag from /opt/airflow/dags/dag.py","logger":"airflow.dag_processing.dagbag.BundleDagBag","filename":"dagbag.py","lineno":469}
{"timestamp":"2026-05-19T12:49:47.340999Z","level":"info","event":"Filling up the DagBag from /opt/airflow/dags/dag.py","logger":"airflow.dag_processing.dagbag.BundleDagBag","filename":"dagbag.py","lineno":469}
{"timestamp":"2026-05-19T12:50:17.980295Z","level":"info","event":"Filling up the DagBag from /opt/airflow/dags/dag.py","logger":"airflow.dag_processing.dagbag.BundleDagBag","filename":"dagbag.py","lineno":469}
{"timestamp":"2026-05-19T12:50:48.746091Z","level":"info","event":"Filling up the DagBag from /opt/airflow/dags/dag.py","logger":"airflow.dag_processing.dagbag.BundleDagBag","filename":"dagbag.py","lineno":469}
{"timestamp":"2026-05-19T12:51:19.450110Z","level":"info","event":"Filling up the DagBag from /opt/airflow/dags/dag.py","logger":"airflow.dag_processing.dagbag.BundleDagBag","filename":"dagbag.py","lineno":469}
{"timestamp":"2026-05-19T12:51:50.101711Z","level":"info","event":"Filling up the DagBag from /opt/airflow/dags/dag.py","logger":"airflow.dag_processing.dagbag.BundleDagBag","filename":"dagbag.py","lineno":469}
{"timestamp":"2026-05-19T12:52:20.769636Z","level":"info","event":"Filling up the DagBag from /opt/airflow/dags/dag.py","logger":"airflow.dag_processing.dagbag.BundleDagBag","filename":"dagbag.py","lineno":469}
{"timestamp":"2026-05-19T12:52:51.473926Z","level":"info","event":"Filling up the DagBag from /opt/airflow/dags/dag.py","logger":"airflow.dag_processing.dagbag.BundleDagBag","filename":"dagbag.py","lineno":469}
{"timestamp":"2026-05-19T12:53:22.215579Z","level":"info","event":"Filling up the DagBag from /opt/airflow/dags/dag.py","logger":"airflow.dag_processing.dagbag.BundleDagBag","filename":"dagbag.py","lineno":469}
{"timestamp":"2026-05-19T14:36:12.312592Z","level":"info","event":"Filling up the DagBag from /opt/airflow/dags/dag.py","logger":"airflow.dag_processing.dagbag.BundleDagBag","filename":"dagbag.py","lineno":469}
{"timestamp":"2026-05-19T14:36:44.008812Z","level":"info","event":"Filling up the DagBag from /opt/airflow/dags/dag.py","logger":"airflow.dag_processing.dagbag.BundleDagBag","filename":"dagbag.py","lineno":469}
{"timestamp":"2026-05-19T14:37:14.743964Z","level":"info","event":"Filling up the DagBag from /opt/airflow/dags/dag.py","logger":"airflow.dag_processing.dagbag.BundleDagBag","filename":"dagbag.py","lineno":469}
{"timestamp":"2026-05-19T14:37:45.570617Z","level":"info","event":"Filling up the DagBag from /opt/airflow/dags/dag.py","logger":"airflow.dag_processing.dagbag.BundleDagBag","filename":"dagbag.py","lineno":469}
{"timestamp":"2026-05-19T14:38:15.712180Z","level":"info","event":"Filling up the DagBag from /opt/airflow/dags/dag.py","logger":"airflow.dag_processing.dagbag.BundleDagBag","filename":"dagbag.py","lineno":469}
{"timestamp":"2026-05-19T14:38:45.989292Z","level":"info","event":"Filling up the DagBag from /opt/airflow/dags/dag.py","logger":"airflow.dag_processing.dagbag.BundleDagBag","filename":"dagbag.py","lineno":469}
{"timestamp":"2026-05-19T14:39:16.482196Z","level":"info","event":"Filling up the DagBag from /opt/airflow/dags/dag.py","logger":"airflow.dag_processing.dagbag.BundleDagBag","filename":"dagbag.py","lineno":469}
{"timestamp":"2026-05-19T14:39:46.622011Z","level":"info","event":"Filling up the DagBag from /opt/airflow/dags/dag.py","logger":"airflow.dag_processing.dagbag.BundleDagBag","filename":"dagbag.py","lineno":469}
{"timestamp":"2026-05-19T14:40:17.012192Z","level":"info","event":"Filling up the DagBag from /opt/airflow/dags/dag.py","logger":"airflow.dag_processing.dagbag.BundleDagBag","filename":"dagbag.py","lineno":469}
{"timestamp":"2026-05-19T14:40:47.964223Z","level":"info","event":"Filling up the DagBag from /opt/airflow/dags/dag.py","logger":"airflow.dag_processing.dagbag.BundleDagBag","filename":"dagbag.py","lineno":469}
{"timestamp":"2026-05-19T14:41:18.208622Z","level":"info","event":"Filling up the DagBag from /opt/airflow/dags/dag.py","logger":"airflow.dag_processing.dagbag.BundleDagBag","filename":"dagbag.py","lineno":469}
{"timestamp":"2026-05-19T14:41:48.641029Z","level":"info","event":"Filling up the DagBag from /opt/airflow/dags/dag.py","logger":"airflow.dag_processing.dagbag.BundleDagBag","filename":"dagbag.py","lineno":469}
{"timestamp":"2026-05-19T14:42:19.437434Z","level":"info","event":"Filling up the DagBag from /opt/airflow/dags/dag.py","logger":"airflow.dag_processing.dagbag.BundleDagBag","filename":"dagbag.py","lineno":469}
{"timestamp":"2026-05-19T14:42:49.730915Z","level":"info","event":"Filling up the DagBag from /opt/airflow/dags/dag.py","logger":"airflow.dag_processing.dagbag.BundleDagBag","filename":"dagbag.py","lineno":469}
{"timestamp":"2026-05-19T14:43:20.669577Z","level":"info","event":"Filling up the DagBag from /opt/airflow/dags/dag.py","logger":"airflow.dag_processing.dagbag.BundleDagBag","filename":"dagbag.py","lineno":469}
{"timestamp":"2026-05-19T14:43:50.961711Z","level":"info","event":"Filling up the DagBag from /opt/airflow/dags/dag.py","logger":"airflow.dag_processing.dagbag.BundleDagBag","filename":"dagbag.py","lineno":469}
{"timestamp":"2026-05-19T14:44:21.817932Z","level":"info","event":"Filling up the DagBag from /opt/airflow/dags/dag.py","logger":"airflow.dag_processing.dagbag.BundleDagBag","filename":"dagbag.py","lineno":469}
{"timestamp":"2026-05-19T14:44:52.079882Z","level":"info","event":"Filling up the DagBag from /opt/airflow/dags/dag.py","logger":"airflow.dag_processing.dagbag.BundleDagBag","filename":"dagbag.py","lineno":469}
{"timestamp":"2026-05-19T14:45:22.885044Z","level":"info","event":"Filling up the DagBag from /opt/airflow/dags/dag.py","logger":"airflow.dag_processing.dagbag.BundleDagBag","filename":"dagbag.py","lineno":469}
{"timestamp":"2026-05-19T14:45:53.530049Z","level":"info","event":"Filling up the DagBag from /opt/airflow/dags/dag.py","logger":"airflow.dag_processing.dagbag.BundleDagBag","filename":"dagbag.py","lineno":469}
{"timestamp":"2026-05-19T14:46:23.787733Z","level":"info","event":"Filling up the DagBag from /opt/airflow/dags/dag.py","logger":"airflow.dag_processing.dagbag.BundleDagBag","filename":"dagbag.py","lineno":469}
{"timestamp":"2026-05-19T14:46:54.773265Z","level":"info","event":"Filling up the DagBag from /opt/airflow/dags/dag.py","logger":"airflow.dag_processing.dagbag.BundleDagBag","filename":"dagbag.py","lineno":469}
{"timestamp":"2026-05-19T14:47:25.484544Z","level":"info","event":"Filling up the DagBag from /opt/airflow/dags/dag.py","logger":"airflow.dag_processing.dagbag.BundleDagBag","filename":"dagbag.py","lineno":469}
{"timestamp":"2026-05-19T14:47:56.470411Z","level":"info","event":"Filling up the DagBag from /opt/airflow/dags/dag.py","logger":"airflow.dag_processing.dagbag.BundleDagBag","filename":"dagbag.py","lineno":469}
{"timestamp":"2026-05-19T14:48:26.632603Z","level":"info","event":"Filling up the DagBag from /opt/airflow/dags/dag.py","logger":"airflow.dag_processing.dagbag.BundleDagBag","filename":"dagbag.py","lineno":469}
{"timestamp":"2026-05-19T14:48:56.956902Z","level":"info","event":"Filling up the DagBag from /opt/airflow/dags/dag.py","logger":"airflow.dag_processing.dagbag.BundleDagBag","filename":"dagbag.py","lineno":469}
{"timestamp":"2026-05-19T14:49:27.252843Z","level":"info","event":"Filling up the DagBag from /opt/airflow/dags/dag.py","logger":"airflow.dag_processing.dagbag.BundleDagBag","filename":"dagbag.py","lineno":469}
{"timestamp":"2026-05-19T14:49:57.932804Z","level":"info","event":"Filling up the DagBag from /opt/airflow/dags/dag.py","logger":"airflow.dag_processing.dagbag.BundleDagBag","filename":"dagbag.py","lineno":469}
{"timestamp":"2026-05-19T14:50:28.406069Z","level":"info","event":"Filling up the DagBag from /opt/airflow/dags/dag.py","logger":"airflow.dag_processing.dagbag.BundleDagBag","filename":"dagbag.py","lineno":469}
{"timestamp":"2026-05-19T14:50:59.264772Z","level":"info","event":"Filling up the DagBag from /opt/airflow/dags/dag.py","logger":"airflow.dag_processing.dagbag.BundleDagBag","filename":"dagbag.py","lineno":469}
{"timestamp":"2026-05-19T14:51:29.585319Z","level":"info","event":"Filling up the DagBag from /opt/airflow/dags/dag.py","logger":"airflow.dag_processing.dagbag.BundleDagBag","filename":"dagbag.py","lineno":469}
{"timestamp":"2026-05-19T14:51:59.943911Z","level":"info","event":"Filling up the DagBag from /opt/airflow/dags/dag.py","logger":"airflow.dag_processing.dagbag.BundleDagBag","filename":"dagbag.py","lineno":469}
{"timestamp":"2026-05-19T14:52:30.684893Z","level":"info","event":"Filling up the DagBag from /opt/airflow/dags/dag.py","logger":"airflow.dag_processing.dagbag.BundleDagBag","filename":"dagbag.py","lineno":469}
{"timestamp":"2026-05-19T14:53:01.585120Z","level":"info","event":"Filling up the DagBag from /opt/airflow/dags/dag.py","logger":"airflow.dag_processing.dagbag.BundleDagBag","filename":"dagbag.py","lineno":469}
{"timestamp":"2026-05-19T14:53:32.077743Z","level":"info","event":"Filling up the DagBag from /opt/airflow/dags/dag.py","logger":"airflow.dag_processing.dagbag.BundleDagBag","filename":"dagbag.py","lineno":469}
{"timestamp":"2026-05-19T14:54:04.609579Z","level":"info","event":"Filling up the DagBag from /opt/airflow/dags/dag.py","logger":"airflow.dag_processing.dagbag.BundleDagBag","filename":"dagbag.py","lineno":469}
{"timestamp":"2026-05-19T14:54:35.087410Z","level":"info","event":"Filling up the DagBag from /opt/airflow/dags/dag.py","logger":"airflow.dag_processing.dagbag.BundleDagBag","filename":"dagbag.py","lineno":469}
{"timestamp":"2026-05-19T14:55:05.414642Z","level":"info","event":"Filling up the DagBag from /opt/airflow/dags/dag.py","logger":"airflow.dag_processing.dagbag.BundleDagBag","filename":"dagbag.py","lineno":469}
{"timestamp":"2026-05-19T14:55:35.869734Z","level":"info","event":"Filling up the DagBag from /opt/airflow/dags/dag.py","logger":"airflow.dag_processing.dagbag.BundleDagBag","filename":"dagbag.py","lineno":469}
{"timestamp":"2026-05-19T14:56:06.251572Z","level":"info","event":"Filling up the DagBag from /opt/airflow/dags/dag.py","logger":"airflow.dag_processing.dagbag.BundleDagBag","filename":"dagbag.py","lineno":469}
{"timestamp":"2026-05-19T14:56:37.131202Z","level":"info","event":"Filling up the DagBag from /opt/airflow/dags/dag.py","logger":"airflow.dag_processing.dagbag.BundleDagBag","filename":"dagbag.py","lineno":469}
{"timestamp":"2026-05-19T14:57:07.690157Z","level":"info","event":"Filling up the DagBag from /opt/airflow/dags/dag.py","logger":"airflow.dag_processing.dagbag.BundleDagBag","filename":"dagbag.py","lineno":469}
{"timestamp":"2026-05-19T14:57:38.057983Z","level":"info","event":"Filling up the DagBag from /opt/airflow/dags/dag.py","logger":"airflow.dag_processing.dagbag.BundleDagBag","filename":"dagbag.py","lineno":469}
{"timestamp":"2026-05-19T14:58:08.632975Z","level":"info","event":"Filling up the DagBag from /opt/airflow/dags/dag.py","logger":"airflow.dag_processing.dagbag.BundleDagBag","filename":"dagbag.py","lineno":469}
{"timestamp":"2026-05-19T14:58:39.190575Z","level":"info","event":"Filling up the DagBag from /opt/airflow/dags/dag.py","logger":"airflow.dag_processing.dagbag.BundleDagBag","filename":"dagbag.py","lineno":469}
{"timestamp":"2026-05-19T14:59:09.962964Z","level":"info","event":"Filling up the DagBag from /opt/airflow/dags/dag.py","logger":"airflow.dag_processing.dagbag.BundleDagBag","filename":"dagbag.py","lineno":469}
{"timestamp":"2026-05-19T14:59:40.232216Z","level":"info","event":"Filling up the DagBag from /opt/airflow/dags/dag.py","logger":"airflow.dag_processing.dagbag.BundleDagBag","filename":"dagbag.py","lineno":469}
{"timestamp":"2026-05-19T15:00:10.411755Z","level":"info","event":"Filling up the DagBag from /opt/airflow/dags/dag.py","logger":"airflow.dag_processing.dagbag.BundleDagBag","filename":"dagbag.py","lineno":469}
{"timestamp":"2026-05-19T15:00:40.722804Z","level":"info","event":"Filling up the DagBag from /opt/airflow/dags/dag.py","logger":"airflow.dag_processing.dagbag.BundleDagBag","filename":"dagbag.py","lineno":469}
{"timestamp":"2026-05-19T15:01:11.039371Z","level":"info","event":"Filling up the DagBag from /opt/airflow/dags/dag.py","logger":"airflow.dag_processing.dagbag.BundleDagBag","filename":"dagbag.py","lineno":469}
{"timestamp":"2026-05-19T15:01:41.825472Z","level":"info","event":"Filling up the DagBag from /opt/airflow/dags/dag.py","logger":"airflow.dag_processing.dagbag.BundleDagBag","filename":"dagbag.py","lineno":469}
{"timestamp":"2026-05-19T15:02:12.489456Z","level":"info","event":"Filling up the DagBag from /opt/airflow/dags/dag.py","logger":"airflow.dag_processing.dagbag.BundleDagBag","filename":"dagbag.py","lineno":469}
{"timestamp":"2026-05-19T15:02:42.888804Z","level":"info","event":"Filling up the DagBag from /opt/airflow/dags/dag.py","logger":"airflow.dag_processing.dagbag.BundleDagBag","filename":"dagbag.py","lineno":469}
{"timestamp":"2026-05-19T15:03:13.624245Z","level":"info","event":"Filling up the DagBag from /opt/airflow/dags/dag.py","logger":"airflow.dag_processing.dagbag.BundleDagBag","filename":"dagbag.py","lineno":469}
{"timestamp":"2026-05-19T15:03:44.300735Z","level":"info","event":"Filling up the DagBag from /opt/airflow/dags/dag.py","logger":"airflow.dag_processing.dagbag.BundleDagBag","filename":"dagbag.py","lineno":469}
{"timestamp":"2026-05-19T15:06:49.379624Z","level":"info","event":"Filling up the DagBag from /opt/airflow/dags/dag.py","logger":"airflow.dag_processing.dagbag.BundleDagBag","filename":"dagbag.py","lineno":469}
{"timestamp":"2026-05-19T15:07:20.497974Z","level":"info","event":"Filling up the DagBag from /opt/airflow/dags/dag.py","logger":"airflow.dag_processing.dagbag.BundleDagBag","filename":"dagbag.py","lineno":469}
{"timestamp":"2026-05-19T15:07:51.052217Z","level":"info","event":"Filling up the DagBag from /opt/airflow/dags/dag.py","logger":"airflow.dag_processing.dagbag.BundleDagBag","filename":"dagbag.py","lineno":469}
{"timestamp":"2026-05-19T15:08:21.695345Z","level":"info","event":"Filling up the DagBag from /opt/airflow/dags/dag.py","logger":"airflow.dag_processing.dagbag.BundleDagBag","filename":"dagbag.py","lineno":469}
{"timestamp":"2026-05-19T15:08:52.318293Z","level":"info","event":"Filling up the DagBag from /opt/airflow/dags/dag.py","logger":"airflow.dag_processing.dagbag.BundleDagBag","filename":"dagbag.py","lineno":469}
{"timestamp":"2026-05-19T15:09:22.827992Z","level":"info","event":"Filling up the DagBag from /opt/airflow/dags/dag.py","logger":"airflow.dag_processing.dagbag.BundleDagBag","filename":"dagbag.py","lineno":469}
{"timestamp":"2026-05-19T15:09:53.418413Z","level":"info","event":"Filling up the DagBag from /opt/airflow/dags/dag.py","logger":"airflow.dag_processing.dagbag.BundleDagBag","filename":"dagbag.py","lineno":469}
{"timestamp":"2026-05-19T15:10:23.949586Z","level":"info","event":"Filling up the DagBag from /opt/airflow/dags/dag.py","logger":"airflow.dag_processing.dagbag.BundleDagBag","filename":"dagbag.py","lineno":469}
{"timestamp":"2026-05-19T15:10:54.533862Z","level":"info","event":"Filling up the DagBag from /opt/airflow/dags/dag.py","logger":"airflow.dag_processing.dagbag.BundleDagBag","filename":"dagbag.py","lineno":469}
{"timestamp":"2026-05-19T15:11:25.064121Z","level":"info","event":"Filling up the DagBag from /opt/airflow/dags/dag.py","logger":"airflow.dag_processing.dagbag.BundleDagBag","filename":"dagbag.py","lineno":469}
{"timestamp":"2026-05-19T15:11:55.671821Z","level":"info","event":"Filling up the DagBag from /opt/airflow/dags/dag.py","logger":"airflow.dag_processing.dagbag.BundleDagBag","filename":"dagbag.py","lineno":469}
{"timestamp":"2026-05-19T15:12:26.241684Z","level":"info","event":"Filling up the DagBag from /opt/airflow/dags/dag.py","logger":"airflow.dag_processing.dagbag.BundleDagBag","filename":"dagbag.py","lineno":469}
{"timestamp":"2026-05-19T15:12:56.769466Z","level":"info","event":"Filling up the DagBag from /opt/airflow/dags/dag.py","logger":"airflow.dag_processing.dagbag.BundleDagBag","filename":"dagbag.py","lineno":469}
{"timestamp":"2026-05-19T15:13:27.394684Z","level":"info","event":"Filling up the DagBag from /opt/airflow/dags/dag.py","logger":"airflow.dag_processing.dagbag.BundleDagBag","filename":"dagbag.py","lineno":469}
{"timestamp":"2026-05-19T15:13:57.957130Z","level":"info","event":"Filling up the DagBag from /opt/airflow/dags/dag.py","logger":"airflow.dag_processing.dagbag.BundleDagBag","filename":"dagbag.py","lineno":469}
{"timestamp":"2026-05-19T15:14:28.573209Z","level":"info","event":"Filling up the DagBag from /opt/airflow/dags/dag.py","logger":"airflow.dag_processing.dagbag.BundleDagBag","filename":"dagbag.py","lineno":469}
{"timestamp":"2026-05-19T15:14:59.203638Z","level":"info","event":"Filling up the DagBag from /opt/airflow/dags/dag.py","logger":"airflow.dag_processing.dagbag.BundleDagBag","filename":"dagbag.py","lineno":469}
{"timestamp":"2026-05-19T15:15:29.791883Z","level":"info","event":"Filling up the DagBag from /opt/airflow/dags/dag.py","logger":"airflow.dag_processing.dagbag.BundleDagBag","filename":"dagbag.py","lineno":469}
{"timestamp":"2026-05-19T15:16:00.367737Z","level":"info","event":"Filling up the DagBag from /opt/airflow/dags/dag.py","logger":"airflow.dag_processing.dagbag.BundleDagBag","filename":"dagbag.py","lineno":469}
{"timestamp":"2026-05-19T15:16:30.901116Z","level":"info","event":"Filling up the DagBag from /opt/airflow/dags/dag.py","logger":"airflow.dag_processing.dagbag.BundleDagBag","filename":"dagbag.py","lineno":469}
{"timestamp":"2026-05-19T15:17:01.534126Z","level":"info","event":"Filling up the DagBag from /opt/airflow/dags/dag.py","logger":"airflow.dag_processing.dagbag.BundleDagBag","filename":"dagbag.py","lineno":469}
{"timestamp":"2026-05-19T15:17:32.525624Z","level":"info","event":"Filling up the DagBag from /opt/airflow/dags/dag.py","logger":"airflow.dag_processing.dagbag.BundleDagBag","filename":"dagbag.py","lineno":469}
{"timestamp":"2026-05-19T15:18:03.344632Z","level":"info","event":"Filling up the DagBag from /opt/airflow/dags/dag.py","logger":"airflow.dag_processing.dagbag.BundleDagBag","filename":"dagbag.py","lineno":469}
{"timestamp":"2026-05-19T15:18:34.281117Z","level":"info","event":"Filling up the DagBag from /opt/airflow/dags/dag.py","logger":"airflow.dag_processing.dagbag.BundleDagBag","filename":"dagbag.py","lineno":469}
{"timestamp":"2026-05-19T15:19:04.887869Z","level":"info","event":"Filling up the DagBag from /opt/airflow/dags/dag.py","logger":"airflow.dag_processing.dagbag.BundleDagBag","filename":"dagbag.py","lineno":469}
{"timestamp":"2026-05-19T15:19:35.271852Z","level":"info","event":"Filling up the DagBag from /opt/airflow/dags/dag.py","logger":"airflow.dag_processing.dagbag.BundleDagBag","filename":"dagbag.py","lineno":469}
{"timestamp":"2026-05-19T16:14:11.155009Z","level":"info","event":"Filling up the DagBag from /opt/airflow/dags/dag.py","logger":"airflow.dag_processing.dagbag.BundleDagBag","filename":"dagbag.py","lineno":469}
{"timestamp":"2026-05-19T16:14:42.110997Z","level":"info","event":"Filling up the DagBag from /opt/airflow/dags/dag.py","logger":"airflow.dag_processing.dagbag.BundleDagBag","filename":"dagbag.py","lineno":469}
{"timestamp":"2026-05-19T16:15:12.823685Z","level":"info","event":"Filling up the DagBag from /opt/airflow/dags/dag.py","logger":"airflow.dag_processing.dagbag.BundleDagBag","filename":"dagbag.py","lineno":469}
{"timestamp":"2026-05-19T16:15:43.578065Z","level":"info","event":"Filling up the DagBag from /opt/airflow/dags/dag.py","logger":"airflow.dag_processing.dagbag.BundleDagBag","filename":"dagbag.py","lineno":469}
{"timestamp":"2026-05-19T16:16:14.473399Z","level":"info","event":"Filling up the DagBag from /opt/airflow/dags/dag.py","logger":"airflow.dag_processing.dagbag.BundleDagBag","filename":"dagbag.py","lineno":469}
{"timestamp":"2026-05-19T16:16:45.315814Z","level":"info","event":"Filling up the DagBag from /opt/airflow/dags/dag.py","logger":"airflow.dag_processing.dagbag.BundleDagBag","filename":"dagbag.py","lineno":469}
{"timestamp":"2026-05-19T16:17:16.336402Z","level":"info","event":"Filling up the DagBag from /opt/airflow/dags/dag.py","logger":"airflow.dag_processing.dagbag.BundleDagBag","filename":"dagbag.py","lineno":469}
{"timestamp":"2026-05-19T16:17:46.677678Z","level":"info","event":"Filling up the DagBag from /opt/airflow/dags/dag.py","logger":"airflow.dag_processing.dagbag.BundleDagBag","filename":"dagbag.py","lineno":469}
{"timestamp":"2026-05-19T16:18:17.644240Z","level":"info","event":"Filling up the DagBag from /opt/airflow/dags/dag.py","logger":"airflow.dag_processing.dagbag.BundleDagBag","filename":"dagbag.py","lineno":469}
{"timestamp":"2026-05-19T16:18:48.461087Z","level":"info","event":"Filling up the DagBag from /opt/airflow/dags/dag.py","logger":"airflow.dag_processing.dagbag.BundleDagBag","filename":"dagbag.py","lineno":469}
{"timestamp":"2026-05-19T16:19:19.364563Z","level":"info","event":"Filling up the DagBag from /opt/airflow/dags/dag.py","logger":"airflow.dag_processing.dagbag.BundleDagBag","filename":"dagbag.py","lineno":469}
{"timestamp":"2026-05-19T16:19:49.825498Z","level":"info","event":"Filling up the DagBag from /opt/airflow/dags/dag.py","logger":"airflow.dag_processing.dagbag.BundleDagBag","filename":"dagbag.py","lineno":469}
{"timestamp":"2026-05-19T16:20:20.318490Z","level":"info","event":"Filling up the DagBag from /opt/airflow/dags/dag.py","logger":"airflow.dag_processing.dagbag.BundleDagBag","filename":"dagbag.py","lineno":469}
{"timestamp":"2026-05-19T16:20:50.709556Z","level":"info","event":"Filling up the DagBag from /opt/airflow/dags/dag.py","logger":"airflow.dag_processing.dagbag.BundleDagBag","filename":"dagbag.py","lineno":469}
{"timestamp":"2026-05-19T16:21:21.562220Z","level":"info","event":"Filling up the DagBag from /opt/airflow/dags/dag.py","logger":"airflow.dag_processing.dagbag.BundleDagBag","filename":"dagbag.py","lineno":469}
{"timestamp":"2026-05-19T16:24:13.773225Z","level":"info","event":"Filling up the DagBag from /opt/airflow/dags/dag.py","logger":"airflow.dag_processing.dagbag.BundleDagBag","filename":"dagbag.py","lineno":469}
{"timestamp":"2026-05-19T16:24:44.684478Z","level":"info","event":"Filling up the DagBag from /opt/airflow/dags/dag.py","logger":"airflow.dag_processing.dagbag.BundleDagBag","filename":"dagbag.py","lineno":469}
{"timestamp":"2026-05-19T16:25:15.577911Z","level":"info","event":"Filling up the DagBag from /opt/airflow/dags/dag.py","logger":"airflow.dag_processing.dagbag.BundleDagBag","filename":"dagbag.py","lineno":469}
{"timestamp":"2026-05-19T16:25:46.423691Z","level":"info","event":"Filling up the DagBag from /opt/airflow/dags/dag.py","logger":"airflow.dag_processing.dagbag.BundleDagBag","filename":"dagbag.py","lineno":469}
{"timestamp":"2026-05-19T16:26:17.463576Z","level":"info","event":"Filling up the DagBag from /opt/airflow/dags/dag.py","logger":"airflow.dag_processing.dagbag.BundleDagBag","filename":"dagbag.py","lineno":469}
{"timestamp":"2026-05-19T16:26:48.632189Z","level":"info","event":"Filling up the DagBag from /opt/airflow/dags/dag.py","logger":"airflow.dag_processing.dagbag.BundleDagBag","filename":"dagbag.py","lineno":469}
{"timestamp":"2026-05-19T16:27:18.930722Z","level":"info","event":"Filling up the DagBag from /opt/airflow/dags/dag.py","logger":"airflow.dag_processing.dagbag.BundleDagBag","filename":"dagbag.py","lineno":469}
{"timestamp":"2026-05-19T16:27:49.510441Z","level":"info","event":"Filling up the DagBag from /opt/airflow/dags/dag.py","logger":"airflow.dag_processing.dagbag.BundleDagBag","filename":"dagbag.py","lineno":469}
{"timestamp":"2026-05-19T16:28:20.197775Z","level":"info","event":"Filling up the DagBag from /opt/airflow/dags/dag.py","logger":"airflow.dag_processing.dagbag.BundleDagBag","filename":"dagbag.py","lineno":469}
{"timestamp":"2026-05-19T16:28:50.870248Z","level":"info","event":"Filling up the DagBag from /opt/airflow/dags/dag.py","logger":"airflow.dag_processing.dagbag.BundleDagBag","filename":"dagbag.py","lineno":469}
{"timestamp":"2026-05-19T16:29:21.581765Z","level":"info","event":"Filling up the DagBag from /opt/airflow/dags/dag.py","logger":"airflow.dag_processing.dagbag.BundleDagBag","filename":"dagbag.py","lineno":469}
{"timestamp":"2026-05-19T16:29:52.345505Z","level":"info","event":"Filling up the DagBag from /opt/airflow/dags/dag.py","logger":"airflow.dag_processing.dagbag.BundleDagBag","filename":"dagbag.py","lineno":469}
{"timestamp":"2026-05-19T16:31:49.173666Z","level":"info","event":"Filling up the DagBag from /opt/airflow/dags/dag.py","logger":"airflow.dag_processing.dagbag.BundleDagBag","filename":"dagbag.py","lineno":469}
{"timestamp":"2026-05-19T16:32:20.152768Z","level":"info","event":"Filling up the DagBag from /opt/airflow/dags/dag.py","logger":"airflow.dag_processing.dagbag.BundleDagBag","filename":"dagbag.py","lineno":469}
{"timestamp":"2026-05-19T16:32:50.760512Z","level":"info","event":"Filling up the DagBag from /opt/airflow/dags/dag.py","logger":"airflow.dag_processing.dagbag.BundleDagBag","filename":"dagbag.py","lineno":469}
{"timestamp":"2026-05-19T16:33:21.354458Z","level":"info","event":"Filling up the DagBag from /opt/airflow/dags/dag.py","logger":"airflow.dag_processing.dagbag.BundleDagBag","filename":"dagbag.py","lineno":469}
{"timestamp":"2026-05-19T16:33:51.887707Z","level":"info","event":"Filling up the DagBag from /opt/airflow/dags/dag.py","logger":"airflow.dag_processing.dagbag.BundleDagBag","filename":"dagbag.py","lineno":469}
{"timestamp":"2026-05-19T16:34:22.859501Z","level":"info","event":"Filling up the DagBag from /opt/airflow/dags/dag.py","logger":"airflow.dag_processing.dagbag.BundleDagBag","filename":"dagbag.py","lineno":469}
{"timestamp":"2026-05-19T21:57:46.413798Z","level":"info","event":"Filling up the DagBag from /opt/airflow/dags/dag.py","logger":"airflow.dag_processing.dagbag.BundleDagBag","filename":"dagbag.py","lineno":469}
{"timestamp":"2026-05-19T21:57:46.578943Z","level":"info","event":"Inizializzazione del DAG","logger":"root","filename":"dag.py","lineno":19}
{"timestamp":"2026-05-19T21:57:46.580648Z","level":"error","event":"Failed to import: /opt/airflow/dags/dag.py","logger":"airflow.dag_processing.importers.python_importer","filename":"python_importer.py","lineno":244,"error_detail":[{"exc_type":"FileNotFoundError","exc_value":"[Errno 2] No such file or directory: '/opt/airflow/dags/config/pipeline_config.json'","exc_notes":[],"syntax_error":null,"is_cause":false,"frames":[{"filename":"/home/airflow/.local/lib/python3.10/site-packages/airflow/dag_processing/importers/python_importer.py","lineno":238,"name":"parse"},{"filename":"<frozen importlib._bootstrap_external>","lineno":883,"name":"exec_module"},{"filename":"<frozen importlib._bootstrap>","lineno":241,"name":"_call_with_frames_removed"},{"filename":"/opt/airflow/dags/dag.py","lineno":42,"name":"<module>"},{"filename":"/opt/airflow/dags/dag.py","lineno":32,"name":"read_json_config"}],"is_group":false,"exceptions":[]}]}
{"timestamp":"2026-05-19T21:57:46.586364Z","level":"error","event":"Error loading DAG from dag.py: [Errno 2] No such file or directory: '/opt/airflow/dags/config/pipeline_config.json'","logger":"airflow.dag_processing.dagbag.BundleDagBag","filename":"dagbag.py","lineno":327}
{"timestamp":"2026-05-19T21:57:46.586599Z","level":"warning","event":"The `airflow.operators.python.PythonOperator` attribute is deprecated. Please use `'airflow.providers.standard.operators.python.PythonOperator'`.","category":"UserWarning","filename":"/opt/airflow/dags/dag.py","lineno":5,"logger":"py.warnings"}
{"timestamp":"2026-05-19T21:58:17.089379Z","level":"info","event":"Filling up the DagBag from /opt/airflow/dags/dag.py","logger":"airflow.dag_processing.dagbag.BundleDagBag","filename":"dagbag.py","lineno":469}
{"timestamp":"2026-05-19T21:58:17.157240Z","level":"info","event":"Inizializzazione del DAG","logger":"root","filename":"dag.py","lineno":19}
{"timestamp":"2026-05-19T21:58:17.159852Z","level":"error","event":"Failed to import: /opt/airflow/dags/dag.py","logger":"airflow.dag_processing.importers.python_importer","filename":"python_importer.py","lineno":244,"error_detail":[{"exc_type":"FileNotFoundError","exc_value":"[Errno 2] No such file or directory: '/opt/airflow/dags/config/pipeline_config.json'","exc_notes":[],"syntax_error":null,"is_cause":false,"frames":[{"filename":"/home/airflow/.local/lib/python3.10/site-packages/airflow/dag_processing/importers/python_importer.py","lineno":238,"name":"parse"},{"filename":"<frozen importlib._bootstrap_external>","lineno":883,"name":"exec_module"},{"filename":"<frozen importlib._bootstrap>","lineno":241,"name":"_call_with_frames_removed"},{"filename":"/opt/airflow/dags/dag.py","lineno":42,"name":"<module>"},{"filename":"/opt/airflow/dags/dag.py","lineno":32,"name":"read_json_config"}],"is_group":false,"exceptions":[]}]}
{"timestamp":"2026-05-19T21:58:17.165268Z","level":"error","event":"Error loading DAG from dag.py: [Errno 2] No such file or directory: '/opt/airflow/dags/config/pipeline_config.json'","logger":"airflow.dag_processing.dagbag.BundleDagBag","filename":"dagbag.py","lineno":327}
{"timestamp":"2026-05-19T21:58:17.165525Z","level":"warning","event":"The `airflow.operators.python.PythonOperator` attribute is deprecated. Please use `'airflow.providers.standard.operators.python.PythonOperator'`.","category":"UserWarning","filename":"/opt/airflow/dags/dag.py","lineno":5,"logger":"py.warnings"}
{"timestamp":"2026-05-19T21:58:47.698002Z","level":"info","event":"Filling up the DagBag from /opt/airflow/dags/dag.py","logger":"airflow.dag_processing.dagbag.BundleDagBag","filename":"dagbag.py","lineno":469}
{"timestamp":"2026-05-19T21:58:47.769138Z","level":"info","event":"Inizializzazione del DAG","logger":"root","filename":"dag.py","lineno":19}
{"timestamp":"2026-05-19T21:58:47.773362Z","level":"error","event":"Failed to import: /opt/airflow/dags/dag.py","logger":"airflow.dag_processing.importers.python_importer","filename":"python_importer.py","lineno":244,"error_detail":[{"exc_type":"FileNotFoundError","exc_value":"[Errno 2] No such file or directory: '/opt/airflow/dags/config/pipeline_config.json'","exc_notes":[],"syntax_error":null,"is_cause":false,"frames":[{"filename":"/home/airflow/.local/lib/python3.10/site-packages/airflow/dag_processing/importers/python_importer.py","lineno":238,"name":"parse"},{"filename":"<frozen importlib._bootstrap_external>","lineno":883,"name":"exec_module"},{"filename":"<frozen importlib._bootstrap>","lineno":241,"name":"_call_with_frames_removed"},{"filename":"/opt/airflow/dags/dag.py","lineno":42,"name":"<module>"},{"filename":"/opt/airflow/dags/dag.py","lineno":32,"name":"read_json_config"}],"is_group":false,"exceptions":[]}]}
{"timestamp":"2026-05-19T21:58:47.781355Z","level":"error","event":"Error loading DAG from dag.py: [Errno 2] No such file or directory: '/opt/airflow/dags/config/pipeline_config.json'","logger":"airflow.dag_processing.dagbag.BundleDagBag","filename":"dagbag.py","lineno":327}
{"timestamp":"2026-05-19T21:58:47.781699Z","level":"warning","event":"The `airflow.operators.python.PythonOperator` attribute is deprecated. Please use `'airflow.providers.standard.operators.python.PythonOperator'`.","category":"UserWarning","filename":"/opt/airflow/dags/dag.py","lineno":5,"logger":"py.warnings"}
{"timestamp":"2026-05-19T21:59:18.312209Z","level":"info","event":"Filling up the DagBag from /opt/airflow/dags/dag.py","logger":"airflow.dag_processing.dagbag.BundleDagBag","filename":"dagbag.py","lineno":469}
{"timestamp":"2026-05-19T21:59:18.353209Z","level":"info","event":"Inizializzazione del DAG","logger":"root","filename":"dag.py","lineno":19}
{"timestamp":"2026-05-19T21:59:18.356003Z","level":"error","event":"Failed to import: /opt/airflow/dags/dag.py","logger":"airflow.dag_processing.importers.python_importer","filename":"python_importer.py","lineno":244,"error_detail":[{"exc_type":"FileNotFoundError","exc_value":"[Errno 2] No such file or directory: '/opt/airflow/dags/config/pipeline_config.json'","exc_notes":[],"syntax_error":null,"is_cause":false,"frames":[{"filename":"/home/airflow/.local/lib/python3.10/site-packages/airflow/dag_processing/importers/python_importer.py","lineno":238,"name":"parse"},{"filename":"<frozen importlib._bootstrap_external>","lineno":883,"name":"exec_module"},{"filename":"<frozen importlib._bootstrap>","lineno":241,"name":"_call_with_frames_removed"},{"filename":"/opt/airflow/dags/dag.py","lineno":42,"name":"<module>"},{"filename":"/opt/airflow/dags/dag.py","lineno":32,"name":"read_json_config"}],"is_group":false,"exceptions":[]}]}
{"timestamp":"2026-05-19T21:59:18.359185Z","level":"error","event":"Error loading DAG from dag.py: [Errno 2] No such file or directory: '/opt/airflow/dags/config/pipeline_config.json'","logger":"airflow.dag_processing.dagbag.BundleDagBag","filename":"dagbag.py","lineno":327}
{"timestamp":"2026-05-19T21:59:18.359380Z","level":"warning","event":"The `airflow.operators.python.PythonOperator` attribute is deprecated. Please use `'airflow.providers.standard.operators.python.PythonOperator'`.","category":"UserWarning","filename":"/opt/airflow/dags/dag.py","lineno":5,"logger":"py.warnings"}
{"timestamp":"2026-05-19T21:59:48.962123Z","level":"info","event":"Filling up the DagBag from /opt/airflow/dags/dag.py","logger":"airflow.dag_processing.dagbag.BundleDagBag","filename":"dagbag.py","lineno":469}
{"timestamp":"2026-05-19T21:59:49.002052Z","level":"info","event":"Inizializzazione del DAG","logger":"root","filename":"dag.py","lineno":19}
{"timestamp":"2026-05-19T21:59:49.004564Z","level":"error","event":"Failed to import: /opt/airflow/dags/dag.py","logger":"airflow.dag_processing.importers.python_importer","filename":"python_importer.py","lineno":244,"error_detail":[{"exc_type":"FileNotFoundError","exc_value":"[Errno 2] No such file or directory: '/opt/airflow/dags/config/pipeline_config.json'","exc_notes":[],"syntax_error":null,"is_cause":false,"frames":[{"filename":"/home/airflow/.local/lib/python3.10/site-packages/airflow/dag_processing/importers/python_importer.py","lineno":238,"name":"parse"},{"filename":"<frozen importlib._bootstrap_external>","lineno":883,"name":"exec_module"},{"filename":"<frozen importlib._bootstrap>","lineno":241,"name":"_call_with_frames_removed"},{"filename":"/opt/airflow/dags/dag.py","lineno":42,"name":"<module>"},{"filename":"/opt/airflow/dags/dag.py","lineno":32,"name":"read_json_config"}],"is_group":false,"exceptions":[]}]}
{"timestamp":"2026-05-19T21:59:49.008955Z","level":"error","event":"Error loading DAG from dag.py: [Errno 2] No such file or directory: '/opt/airflow/dags/config/pipeline_config.json'","logger":"airflow.dag_processing.dagbag.BundleDagBag","filename":"dagbag.py","lineno":327}
{"timestamp":"2026-05-19T21:59:49.009171Z","level":"warning","event":"The `airflow.operators.python.PythonOperator` attribute is deprecated. Please use `'airflow.providers.standard.operators.python.PythonOperator'`.","category":"UserWarning","filename":"/opt/airflow/dags/dag.py","lineno":5,"logger":"py.warnings"}
{"timestamp":"2026-05-19T22:00:19.585405Z","level":"info","event":"Filling up the DagBag from /opt/airflow/dags/dag.py","logger":"airflow.dag_processing.dagbag.BundleDagBag","filename":"dagbag.py","lineno":469}
{"timestamp":"2026-05-19T22:00:19.624383Z","level":"info","event":"Inizializzazione del DAG","logger":"root","filename":"dag.py","lineno":19}
{"timestamp":"2026-05-19T22:00:19.627119Z","level":"error","event":"Failed to import: /opt/airflow/dags/dag.py","logger":"airflow.dag_processing.importers.python_importer","filename":"python_importer.py","lineno":244,"error_detail":[{"exc_type":"FileNotFoundError","exc_value":"[Errno 2] No such file or directory: '/opt/airflow/dags/config/pipeline_config.json'","exc_notes":[],"syntax_error":null,"is_cause":false,"frames":[{"filename":"/home/airflow/.local/lib/python3.10/site-packages/airflow/dag_processing/importers/python_importer.py","lineno":238,"name":"parse"},{"filename":"<frozen importlib._bootstrap_external>","lineno":883,"name":"exec_module"},{"filename":"<frozen importlib._bootstrap>","lineno":241,"name":"_call_with_frames_removed"},{"filename":"/opt/airflow/dags/dag.py","lineno":42,"name":"<module>"},{"filename":"/opt/airflow/dags/dag.py","lineno":32,"name":"read_json_config"}],"is_group":false,"exceptions":[]}]}
{"timestamp":"2026-05-19T22:00:19.632393Z","level":"error","event":"Error loading DAG from dag.py: [Errno 2] No such file or directory: '/opt/airflow/dags/config/pipeline_config.json'","logger":"airflow.dag_processing.dagbag.BundleDagBag","filename":"dagbag.py","lineno":327}
{"timestamp":"2026-05-19T22:00:19.632590Z","level":"warning","event":"The `airflow.operators.python.PythonOperator` attribute is deprecated. Please use `'airflow.providers.standard.operators.python.PythonOperator'`.","category":"UserWarning","filename":"/opt/airflow/dags/dag.py","lineno":5,"logger":"py.warnings"}
{"timestamp":"2026-05-19T22:00:50.121600Z","level":"info","event":"Filling up the DagBag from /opt/airflow/dags/dag.py","logger":"airflow.dag_processing.dagbag.BundleDagBag","filename":"dagbag.py","lineno":469}
{"timestamp":"2026-05-19T22:00:50.161676Z","level":"info","event":"Inizializzazione del DAG","logger":"root","filename":"dag.py","lineno":19}
{"timestamp":"2026-05-19T22:00:50.164103Z","level":"error","event":"Failed to import: /opt/airflow/dags/dag.py","logger":"airflow.dag_processing.importers.python_importer","filename":"python_importer.py","lineno":244,"error_detail":[{"exc_type":"FileNotFoundError","exc_value":"[Errno 2] No such file or directory: '/opt/airflow/dags/config/pipeline_config.json'","exc_notes":[],"syntax_error":null,"is_cause":false,"frames":[{"filename":"/home/airflow/.local/lib/python3.10/site-packages/airflow/dag_processing/importers/python_importer.py","lineno":238,"name":"parse"},{"filename":"<frozen importlib._bootstrap_external>","lineno":883,"name":"exec_module"},{"filename":"<frozen importlib._bootstrap>","lineno":241,"name":"_call_with_frames_removed"},{"filename":"/opt/airflow/dags/dag.py","lineno":42,"name":"<module>"},{"filename":"/opt/airflow/dags/dag.py","lineno":32,"name":"read_json_config"}],"is_group":false,"exceptions":[]}]}
{"timestamp":"2026-05-19T22:00:50.169407Z","level":"error","event":"Error loading DAG from dag.py: [Errno 2] No such file or directory: '/opt/airflow/dags/config/pipeline_config.json'","logger":"airflow.dag_processing.dagbag.BundleDagBag","filename":"dagbag.py","lineno":327}
{"timestamp":"2026-05-19T22:00:50.169600Z","level":"warning","event":"The `airflow.operators.python.PythonOperator` attribute is deprecated. Please use `'airflow.providers.standard.operators.python.PythonOperator'`.","category":"UserWarning","filename":"/opt/airflow/dags/dag.py","lineno":5,"logger":"py.warnings"}
{"timestamp":"2026-05-19T22:01:20.657066Z","level":"info","event":"Filling up the DagBag from /opt/airflow/dags/dag.py","logger":"airflow.dag_processing.dagbag.BundleDagBag","filename":"dagbag.py","lineno":469}
{"timestamp":"2026-05-19T22:01:20.704333Z","level":"info","event":"Inizializzazione del DAG","logger":"root","filename":"dag.py","lineno":19}
{"timestamp":"2026-05-19T22:01:20.707203Z","level":"error","event":"Failed to import: /opt/airflow/dags/dag.py","logger":"airflow.dag_processing.importers.python_importer","filename":"python_importer.py","lineno":244,"error_detail":[{"exc_type":"FileNotFoundError","exc_value":"[Errno 2] No such file or directory: '/opt/airflow/dags/config/pipeline_config.json'","exc_notes":[],"syntax_error":null,"is_cause":false,"frames":[{"filename":"/home/airflow/.local/lib/python3.10/site-packages/airflow/dag_processing/importers/python_importer.py","lineno":238,"name":"parse"},{"filename":"<frozen importlib._bootstrap_external>","lineno":883,"name":"exec_module"},{"filename":"<frozen importlib._bootstrap>","lineno":241,"name":"_call_with_frames_removed"},{"filename":"/opt/airflow/dags/dag.py","lineno":42,"name":"<module>"},{"filename":"/opt/airflow/dags/dag.py","lineno":32,"name":"read_json_config"}],"is_group":false,"exceptions":[]}]}
{"timestamp":"2026-05-19T22:01:20.711418Z","level":"error","event":"Error loading DAG from dag.py: [Errno 2] No such file or directory: '/opt/airflow/dags/config/pipeline_config.json'","logger":"airflow.dag_processing.dagbag.BundleDagBag","filename":"dagbag.py","lineno":327}
{"timestamp":"2026-05-19T22:01:20.711758Z","level":"warning","event":"The `airflow.operators.python.PythonOperator` attribute is deprecated. Please use `'airflow.providers.standard.operators.python.PythonOperator'`.","category":"UserWarning","filename":"/opt/airflow/dags/dag.py","lineno":5,"logger":"py.warnings"}
{"timestamp":"2026-05-19T22:01:51.309851Z","level":"info","event":"Filling up the DagBag from /opt/airflow/dags/dag.py","logger":"airflow.dag_processing.dagbag.BundleDagBag","filename":"dagbag.py","lineno":469}
{"timestamp":"2026-05-19T22:01:51.348430Z","level":"info","event":"Inizializzazione del DAG","logger":"root","filename":"dag.py","lineno":19}
{"timestamp":"2026-05-19T22:01:51.350849Z","level":"error","event":"Failed to import: /opt/airflow/dags/dag.py","logger":"airflow.dag_processing.importers.python_importer","filename":"python_importer.py","lineno":244,"error_detail":[{"exc_type":"FileNotFoundError","exc_value":"[Errno 2] No such file or directory: '/opt/airflow/dags/config/pipeline_config.json'","exc_notes":[],"syntax_error":null,"is_cause":false,"frames":[{"filename":"/home/airflow/.local/lib/python3.10/site-packages/airflow/dag_processing/importers/python_importer.py","lineno":238,"name":"parse"},{"filename":"<frozen importlib._bootstrap_external>","lineno":883,"name":"exec_module"},{"filename":"<frozen importlib._bootstrap>","lineno":241,"name":"_call_with_frames_removed"},{"filename":"/opt/airflow/dags/dag.py","lineno":42,"name":"<module>"},{"filename":"/opt/airflow/dags/dag.py","lineno":32,"name":"read_json_config"}],"is_group":false,"exceptions":[]}]}
{"timestamp":"2026-05-19T22:01:51.354393Z","level":"error","event":"Error loading DAG from dag.py: [Errno 2] No such file or directory: '/opt/airflow/dags/config/pipeline_config.json'","logger":"airflow.dag_processing.dagbag.BundleDagBag","filename":"dagbag.py","lineno":327}
{"timestamp":"2026-05-19T22:01:51.354608Z","level":"warning","event":"The `airflow.operators.python.PythonOperator` attribute is deprecated. Please use `'airflow.providers.standard.operators.python.PythonOperator'`.","category":"UserWarning","filename":"/opt/airflow/dags/dag.py","lineno":5,"logger":"py.warnings"}
{"timestamp":"2026-05-19T22:02:21.979297Z","level":"info","event":"Filling up the DagBag from /opt/airflow/dags/dag.py","logger":"airflow.dag_processing.dagbag.BundleDagBag","filename":"dagbag.py","lineno":469}
{"timestamp":"2026-05-19T22:02:22.016486Z","level":"info","event":"Inizializzazione del DAG","logger":"root","filename":"dag.py","lineno":19}
{"timestamp":"2026-05-19T22:02:22.018583Z","level":"error","event":"Failed to import: /opt/airflow/dags/dag.py","logger":"airflow.dag_processing.importers.python_importer","filename":"python_importer.py","lineno":244,"error_detail":[{"exc_type":"FileNotFoundError","exc_value":"[Errno 2] No such file or directory: '/opt/airflow/dags/config/pipeline_config.json'","exc_notes":[],"syntax_error":null,"is_cause":false,"frames":[{"filename":"/home/airflow/.local/lib/python3.10/site-packages/airflow/dag_processing/importers/python_importer.py","lineno":238,"name":"parse"},{"filename":"<frozen importlib._bootstrap_external>","lineno":883,"name":"exec_module"},{"filename":"<frozen importlib._bootstrap>","lineno":241,"name":"_call_with_frames_removed"},{"filename":"/opt/airflow/dags/dag.py","lineno":42,"name":"<module>"},{"filename":"/opt/airflow/dags/dag.py","lineno":32,"name":"read_json_config"}],"is_group":false,"exceptions":[]}]}
{"timestamp":"2026-05-19T22:02:22.023036Z","level":"error","event":"Error loading DAG from dag.py: [Errno 2] No such file or directory: '/opt/airflow/dags/config/pipeline_config.json'","logger":"airflow.dag_processing.dagbag.BundleDagBag","filename":"dagbag.py","lineno":327}
{"timestamp":"2026-05-19T22:02:22.023262Z","level":"warning","event":"The `airflow.operators.python.PythonOperator` attribute is deprecated. Please use `'airflow.providers.standard.operators.python.PythonOperator'`.","category":"UserWarning","filename":"/opt/airflow/dags/dag.py","lineno":5,"logger":"py.warnings"}
{"timestamp":"2026-05-19T22:02:52.538632Z","level":"info","event":"Filling up the DagBag from /opt/airflow/dags/dag.py","logger":"airflow.dag_processing.dagbag.BundleDagBag","filename":"dagbag.py","lineno":469}
{"timestamp":"2026-05-19T22:02:52.576875Z","level":"info","event":"Inizializzazione del DAG","logger":"root","filename":"dag.py","lineno":19}
{"timestamp":"2026-05-19T22:02:52.579392Z","level":"error","event":"Failed to import: /opt/airflow/dags/dag.py","logger":"airflow.dag_processing.importers.python_importer","filename":"python_importer.py","lineno":244,"error_detail":[{"exc_type":"FileNotFoundError","exc_value":"[Errno 2] No such file or directory: '/opt/airflow/dags/config/pipeline_config.json'","exc_notes":[],"syntax_error":null,"is_cause":false,"frames":[{"filename":"/home/airflow/.local/lib/python3.10/site-packages/airflow/dag_processing/importers/python_importer.py","lineno":238,"name":"parse"},{"filename":"<frozen importlib._bootstrap_external>","lineno":883,"name":"exec_module"},{"filename":"<frozen importlib._bootstrap>","lineno":241,"name":"_call_with_frames_removed"},{"filename":"/opt/airflow/dags/dag.py","lineno":42,"name":"<module>"},{"filename":"/opt/airflow/dags/dag.py","lineno":32,"name":"read_json_config"}],"is_group":false,"exceptions":[]}]}
{"timestamp":"2026-05-19T22:02:52.583800Z","level":"error","event":"Error loading DAG from dag.py: [Errno 2] No such file or directory: '/opt/airflow/dags/config/pipeline_config.json'","logger":"airflow.dag_processing.dagbag.BundleDagBag","filename":"dagbag.py","lineno":327}
{"timestamp":"2026-05-19T22:02:52.584084Z","level":"warning","event":"The `airflow.operators.python.PythonOperator` attribute is deprecated. Please use `'airflow.providers.standard.operators.python.PythonOperator'`.","category":"UserWarning","filename":"/opt/airflow/dags/dag.py","lineno":5,"logger":"py.warnings"}
{"timestamp":"2026-05-19T22:03:23.289042Z","level":"info","event":"Filling up the DagBag from /opt/airflow/dags/dag.py","logger":"airflow.dag_processing.dagbag.BundleDagBag","filename":"dagbag.py","lineno":469}
{"timestamp":"2026-05-19T22:03:23.339367Z","level":"info","event":"Inizializzazione del DAG","logger":"root","filename":"dag.py","lineno":19}
{"timestamp":"2026-05-19T22:03:23.341508Z","level":"error","event":"Failed to import: /opt/airflow/dags/dag.py","logger":"airflow.dag_processing.importers.python_importer","filename":"python_importer.py","lineno":244,"error_detail":[{"exc_type":"FileNotFoundError","exc_value":"[Errno 2] No such file or directory: '/opt/airflow/dags/config/pipeline_config.json'","exc_notes":[],"syntax_error":null,"is_cause":false,"frames":[{"filename":"/home/airflow/.local/lib/python3.10/site-packages/airflow/dag_processing/importers/python_importer.py","lineno":238,"name":"parse"},{"filename":"<frozen importlib._bootstrap_external>","lineno":883,"name":"exec_module"},{"filename":"<frozen importlib._bootstrap>","lineno":241,"name":"_call_with_frames_removed"},{"filename":"/opt/airflow/dags/dag.py","lineno":42,"name":"<module>"},{"filename":"/opt/airflow/dags/dag.py","lineno":32,"name":"read_json_config"}],"is_group":false,"exceptions":[]}]}
{"timestamp":"2026-05-19T22:03:23.346315Z","level":"error","event":"Error loading DAG from dag.py: [Errno 2] No such file or directory: '/opt/airflow/dags/config/pipeline_config.json'","logger":"airflow.dag_processing.dagbag.BundleDagBag","filename":"dagbag.py","lineno":327}
{"timestamp":"2026-05-19T22:03:23.346516Z","level":"warning","event":"The `airflow.operators.python.PythonOperator` attribute is deprecated. Please use `'airflow.providers.standard.operators.python.PythonOperator'`.","category":"UserWarning","filename":"/opt/airflow/dags/dag.py","lineno":5,"logger":"py.warnings"}
{"timestamp":"2026-05-19T22:03:53.885193Z","level":"info","event":"Filling up the DagBag from /opt/airflow/dags/dag.py","logger":"airflow.dag_processing.dagbag.BundleDagBag","filename":"dagbag.py","lineno":469}
{"timestamp":"2026-05-19T22:03:53.926652Z","level":"info","event":"Inizializzazione del DAG","logger":"root","filename":"dag.py","lineno":19}
{"timestamp":"2026-05-19T22:03:53.928679Z","level":"error","event":"Failed to import: /opt/airflow/dags/dag.py","logger":"airflow.dag_processing.importers.python_importer","filename":"python_importer.py","lineno":244,"error_detail":[{"exc_type":"FileNotFoundError","exc_value":"[Errno 2] No such file or directory: '/opt/airflow/dags/config/pipeline_config.json'","exc_notes":[],"syntax_error":null,"is_cause":false,"frames":[{"filename":"/home/airflow/.local/lib/python3.10/site-packages/airflow/dag_processing/importers/python_importer.py","lineno":238,"name":"parse"},{"filename":"<frozen importlib._bootstrap_external>","lineno":883,"name":"exec_module"},{"filename":"<frozen importlib._bootstrap>","lineno":241,"name":"_call_with_frames_removed"},{"filename":"/opt/airflow/dags/dag.py","lineno":42,"name":"<module>"},{"filename":"/opt/airflow/dags/dag.py","lineno":32,"name":"read_json_config"}],"is_group":false,"exceptions":[]}]}
{"timestamp":"2026-05-19T22:03:53.932695Z","level":"error","event":"Error loading DAG from dag.py: [Errno 2] No such file or directory: '/opt/airflow/dags/config/pipeline_config.json'","logger":"airflow.dag_processing.dagbag.BundleDagBag","filename":"dagbag.py","lineno":327}
{"timestamp":"2026-05-19T22:03:53.932922Z","level":"warning","event":"The `airflow.operators.python.PythonOperator` attribute is deprecated. Please use `'airflow.providers.standard.operators.python.PythonOperator'`.","category":"UserWarning","filename":"/opt/airflow/dags/dag.py","lineno":5,"logger":"py.warnings"}
{"timestamp":"2026-05-19T22:04:24.682109Z","level":"info","event":"Filling up the DagBag from /opt/airflow/dags/dag.py","logger":"airflow.dag_processing.dagbag.BundleDagBag","filename":"dagbag.py","lineno":469}
{"timestamp":"2026-05-19T22:04:24.782583Z","level":"info","event":"Inizializzazione del DAG","logger":"root","filename":"dag.py","lineno":19}
{"timestamp":"2026-05-19T22:04:24.785798Z","level":"error","event":"Failed to import: /opt/airflow/dags/dag.py","logger":"airflow.dag_processing.importers.python_importer","filename":"python_importer.py","lineno":244,"error_detail":[{"exc_type":"FileNotFoundError","exc_value":"[Errno 2] No such file or directory: '/opt/airflow/dags/config/pipeline_config.json'","exc_notes":[],"syntax_error":null,"is_cause":false,"frames":[{"filename":"/home/airflow/.local/lib/python3.10/site-packages/airflow/dag_processing/importers/python_importer.py","lineno":238,"name":"parse"},{"filename":"<frozen importlib._bootstrap_external>","lineno":883,"name":"exec_module"},{"filename":"<frozen importlib._bootstrap>","lineno":241,"name":"_call_with_frames_removed"},{"filename":"/opt/airflow/dags/dag.py","lineno":42,"name":"<module>"},{"filename":"/opt/airflow/dags/dag.py","lineno":32,"name":"read_json_config"}],"is_group":false,"exceptions":[]}]}
{"timestamp":"2026-05-19T22:04:24.792251Z","level":"error","event":"Error loading DAG from dag.py: [Errno 2] No such file or directory: '/opt/airflow/dags/config/pipeline_config.json'","logger":"airflow.dag_processing.dagbag.BundleDagBag","filename":"dagbag.py","lineno":327}
{"timestamp":"2026-05-19T22:04:24.792971Z","level":"warning","event":"The `airflow.operators.python.PythonOperator` attribute is deprecated. Please use `'airflow.providers.standard.operators.python.PythonOperator'`.","category":"UserWarning","filename":"/opt/airflow/dags/dag.py","lineno":5,"logger":"py.warnings"}
{"timestamp":"2026-05-19T22:04:55.294116Z","level":"info","event":"Filling up the DagBag from /opt/airflow/dags/dag.py","logger":"airflow.dag_processing.dagbag.BundleDagBag","filename":"dagbag.py","lineno":469}
{"timestamp":"2026-05-19T22:04:55.331008Z","level":"info","event":"Inizializzazione del DAG","logger":"root","filename":"dag.py","lineno":19}
{"timestamp":"2026-05-19T22:04:55.333279Z","level":"error","event":"Failed to import: /opt/airflow/dags/dag.py","logger":"airflow.dag_processing.importers.python_importer","filename":"python_importer.py","lineno":244,"error_detail":[{"exc_type":"FileNotFoundError","exc_value":"[Errno 2] No such file or directory: '/opt/airflow/dags/config/pipeline_config.json'","exc_notes":[],"syntax_error":null,"is_cause":false,"frames":[{"filename":"/home/airflow/.local/lib/python3.10/site-packages/airflow/dag_processing/importers/python_importer.py","lineno":238,"name":"parse"},{"filename":"<frozen importlib._bootstrap_external>","lineno":883,"name":"exec_module"},{"filename":"<frozen importlib._bootstrap>","lineno":241,"name":"_call_with_frames_removed"},{"filename":"/opt/airflow/dags/dag.py","lineno":42,"name":"<module>"},{"filename":"/opt/airflow/dags/dag.py","lineno":32,"name":"read_json_config"}],"is_group":false,"exceptions":[]}]}
{"timestamp":"2026-05-19T22:04:55.337786Z","level":"error","event":"Error loading DAG from dag.py: [Errno 2] No such file or directory: '/opt/airflow/dags/config/pipeline_config.json'","logger":"airflow.dag_processing.dagbag.BundleDagBag","filename":"dagbag.py","lineno":327}
{"timestamp":"2026-05-19T22:04:55.337988Z","level":"warning","event":"The `airflow.operators.python.PythonOperator` attribute is deprecated. Please use `'airflow.providers.standard.operators.python.PythonOperator'`.","category":"UserWarning","filename":"/opt/airflow/dags/dag.py","lineno":5,"logger":"py.warnings"}
{"timestamp":"2026-05-19T22:05:26.223922Z","level":"info","event":"Filling up the DagBag from /opt/airflow/dags/dag.py","logger":"airflow.dag_processing.dagbag.BundleDagBag","filename":"dagbag.py","lineno":469}
{"timestamp":"2026-05-19T22:05:26.266472Z","level":"info","event":"Inizializzazione del DAG","logger":"root","filename":"dag.py","lineno":19}
{"timestamp":"2026-05-19T22:05:26.268693Z","level":"error","event":"Failed to import: /opt/airflow/dags/dag.py","logger":"airflow.dag_processing.importers.python_importer","filename":"python_importer.py","lineno":244,"error_detail":[{"exc_type":"FileNotFoundError","exc_value":"[Errno 2] No such file or directory: '/opt/airflow/dags/config/pipeline_config.json'","exc_notes":[],"syntax_error":null,"is_cause":false,"frames":[{"filename":"/home/airflow/.local/lib/python3.10/site-packages/airflow/dag_processing/importers/python_importer.py","lineno":238,"name":"parse"},{"filename":"<frozen importlib._bootstrap_external>","lineno":883,"name":"exec_module"},{"filename":"<frozen importlib._bootstrap>","lineno":241,"name":"_call_with_frames_removed"},{"filename":"/opt/airflow/dags/dag.py","lineno":42,"name":"<module>"},{"filename":"/opt/airflow/dags/dag.py","lineno":32,"name":"read_json_config"}],"is_group":false,"exceptions":[]}]}
{"timestamp":"2026-05-19T22:05:26.272964Z","level":"error","event":"Error loading DAG from dag.py: [Errno 2] No such file or directory: '/opt/airflow/dags/config/pipeline_config.json'","logger":"airflow.dag_processing.dagbag.BundleDagBag","filename":"dagbag.py","lineno":327}
{"timestamp":"2026-05-19T22:05:26.273227Z","level":"warning","event":"The `airflow.operators.python.PythonOperator` attribute is deprecated. Please use `'airflow.providers.standard.operators.python.PythonOperator'`.","category":"UserWarning","filename":"/opt/airflow/dags/dag.py","lineno":5,"logger":"py.warnings"}
{"timestamp":"2026-05-19T22:05:56.794810Z","level":"info","event":"Filling up the DagBag from /opt/airflow/dags/dag.py","logger":"airflow.dag_processing.dagbag.BundleDagBag","filename":"dagbag.py","lineno":469}
{"timestamp":"2026-05-19T22:05:56.841978Z","level":"info","event":"Inizializzazione del DAG","logger":"root","filename":"dag.py","lineno":19}
{"timestamp":"2026-05-19T22:05:56.844234Z","level":"error","event":"Failed to import: /opt/airflow/dags/dag.py","logger":"airflow.dag_processing.importers.python_importer","filename":"python_importer.py","lineno":244,"error_detail":[{"exc_type":"FileNotFoundError","exc_value":"[Errno 2] No such file or directory: '/opt/airflow/dags/config/pipeline_config.json'","exc_notes":[],"syntax_error":null,"is_cause":false,"frames":[{"filename":"/home/airflow/.local/lib/python3.10/site-packages/airflow/dag_processing/importers/python_importer.py","lineno":238,"name":"parse"},{"filename":"<frozen importlib._bootstrap_external>","lineno":883,"name":"exec_module"},{"filename":"<frozen importlib._bootstrap>","lineno":241,"name":"_call_with_frames_removed"},{"filename":"/opt/airflow/dags/dag.py","lineno":42,"name":"<module>"},{"filename":"/opt/airflow/dags/dag.py","lineno":32,"name":"read_json_config"}],"is_group":false,"exceptions":[]}]}
{"timestamp":"2026-05-19T22:05:56.849577Z","level":"error","event":"Error loading DAG from dag.py: [Errno 2] No such file or directory: '/opt/airflow/dags/config/pipeline_config.json'","logger":"airflow.dag_processing.dagbag.BundleDagBag","filename":"dagbag.py","lineno":327}
{"timestamp":"2026-05-19T22:05:56.849837Z","level":"warning","event":"The `airflow.operators.python.PythonOperator` attribute is deprecated. Please use `'airflow.providers.standard.operators.python.PythonOperator'`.","category":"UserWarning","filename":"/opt/airflow/dags/dag.py","lineno":5,"logger":"py.warnings"}
{"timestamp":"2026-05-19T22:06:19.227031Z","level":"info","event":"Filling up the DagBag from /opt/airflow/dags/dag.py","logger":"airflow.dag_processing.dagbag.BundleDagBag","filename":"dagbag.py","lineno":469}
{"timestamp":"2026-05-19T22:06:19.273265Z","level":"info","event":"Inizializzazione del DAG","logger":"root","filename":"dag.py","lineno":19}
{"timestamp":"2026-05-19T22:06:19.276708Z","level":"warning","event":"The `airflow.operators.python.PythonOperator` attribute is deprecated. Please use `'airflow.providers.standard.operators.python.PythonOperator'`.","category":"UserWarning","filename":"/opt/airflow/dags/dag.py","lineno":5,"logger":"py.warnings"}
{"timestamp":"2026-05-19T22:08:22.570461Z","level":"info","event":"Filling up the DagBag from /opt/airflow/dags/dag.py","logger":"airflow.dag_processing.dagbag.BundleDagBag","filename":"dagbag.py","lineno":469}
{"timestamp":"2026-05-19T22:08:22.731036Z","level":"info","event":"Inizializzazione del DAG","logger":"root","filename":"dag.py","lineno":19}
{"timestamp":"2026-05-19T22:08:22.738523Z","level":"warning","event":"The `airflow.operators.python.PythonOperator` attribute is deprecated. Please use `'airflow.providers.standard.operators.python.PythonOperator'`.","category":"UserWarning","filename":"/opt/airflow/dags/dag.py","lineno":5,"logger":"py.warnings"}
{"timestamp":"2026-05-19T22:08:53.359511Z","level":"info","event":"Filling up the DagBag from /opt/airflow/dags/dag.py","logger":"airflow.dag_processing.dagbag.BundleDagBag","filename":"dagbag.py","lineno":469}
{"timestamp":"2026-05-19T22:08:53.398770Z","level":"info","event":"Inizializzazione del DAG","logger":"root","filename":"dag.py","lineno":19}
{"timestamp":"2026-05-19T22:08:53.402917Z","level":"warning","event":"The `airflow.operators.python.PythonOperator` attribute is deprecated. Please use `'airflow.providers.standard.operators.python.PythonOperator'`.","category":"UserWarning","filename":"/opt/airflow/dags/dag.py","lineno":5,"logger":"py.warnings"}
{"timestamp":"2026-05-19T22:09:24.027028Z","level":"info","event":"Filling up the DagBag from /opt/airflow/dags/dag.py","logger":"airflow.dag_processing.dagbag.BundleDagBag","filename":"dagbag.py","lineno":469}
{"timestamp":"2026-05-19T22:09:24.096892Z","level":"info","event":"Inizializzazione del DAG","logger":"root","filename":"dag.py","lineno":19}
{"timestamp":"2026-05-19T22:09:24.103772Z","level":"warning","event":"The `airflow.operators.python.PythonOperator` attribute is deprecated. Please use `'airflow.providers.standard.operators.python.PythonOperator'`.","category":"UserWarning","filename":"/opt/airflow/dags/dag.py","lineno":5,"logger":"py.warnings"}
{"timestamp":"2026-05-19T22:09:54.572819Z","level":"info","event":"Filling up the DagBag from /opt/airflow/dags/dag.py","logger":"airflow.dag_processing.dagbag.BundleDagBag","filename":"dagbag.py","lineno":469}
{"timestamp":"2026-05-19T22:09:54.614546Z","level":"info","event":"Inizializzazione del DAG","logger":"root","filename":"dag.py","lineno":19}
{"timestamp":"2026-05-19T22:09:54.620072Z","level":"warning","event":"The `airflow.operators.python.PythonOperator` attribute is deprecated. Please use `'airflow.providers.standard.operators.python.PythonOperator'`.","category":"UserWarning","filename":"/opt/airflow/dags/dag.py","lineno":5,"logger":"py.warnings"}
{"timestamp":"2026-05-19T22:10:25.272839Z","level":"info","event":"Filling up the DagBag from /opt/airflow/dags/dag.py","logger":"airflow.dag_processing.dagbag.BundleDagBag","filename":"dagbag.py","lineno":469}
{"timestamp":"2026-05-19T22:10:25.315713Z","level":"info","event":"Inizializzazione del DAG","logger":"root","filename":"dag.py","lineno":19}
{"timestamp":"2026-05-19T22:10:25.319273Z","level":"warning","event":"The `airflow.operators.python.PythonOperator` attribute is deprecated. Please use `'airflow.providers.standard.operators.python.PythonOperator'`.","category":"UserWarning","filename":"/opt/airflow/dags/dag.py","lineno":5,"logger":"py.warnings"}
{"timestamp":"2026-05-19T22:12:16.999313Z","level":"info","event":"Filling up the DagBag from /opt/airflow/dags/dag.py","logger":"airflow.dag_processing.dagbag.BundleDagBag","filename":"dagbag.py","lineno":469}
{"timestamp":"2026-05-19T22:12:17.137871Z","level":"info","event":"Inizializzazione del DAG","logger":"root","filename":"dag.py","lineno":19}
{"timestamp":"2026-05-19T22:12:17.142718Z","level":"warning","event":"The `airflow.operators.python.PythonOperator` attribute is deprecated. Please use `'airflow.providers.standard.operators.python.PythonOperator'`.","category":"UserWarning","filename":"/opt/airflow/dags/dag.py","lineno":5,"logger":"py.warnings"}
{"timestamp":"2026-05-19T22:12:47.681787Z","level":"info","event":"Filling up the DagBag from /opt/airflow/dags/dag.py","logger":"airflow.dag_processing.dagbag.BundleDagBag","filename":"dagbag.py","lineno":469}
{"timestamp":"2026-05-19T22:12:47.744285Z","level":"info","event":"Inizializzazione del DAG","logger":"root","filename":"dag.py","lineno":19}
{"timestamp":"2026-05-19T22:12:47.747777Z","level":"warning","event":"The `airflow.operators.python.PythonOperator` attribute is deprecated. Please use `'airflow.providers.standard.operators.python.PythonOperator'`.","category":"UserWarning","filename":"/opt/airflow/dags/dag.py","lineno":5,"logger":"py.warnings"}
{"timestamp":"2026-05-19T22:13:18.283712Z","level":"info","event":"Filling up the DagBag from /opt/airflow/dags/dag.py","logger":"airflow.dag_processing.dagbag.BundleDagBag","filename":"dagbag.py","lineno":469}
{"timestamp":"2026-05-19T22:13:18.320945Z","level":"info","event":"Inizializzazione del DAG","logger":"root","filename":"dag.py","lineno":19}
{"timestamp":"2026-05-19T22:13:18.324259Z","level":"warning","event":"The `airflow.operators.python.PythonOperator` attribute is deprecated. Please use `'airflow.providers.standard.operators.python.PythonOperator'`.","category":"UserWarning","filename":"/opt/airflow/dags/dag.py","lineno":5,"logger":"py.warnings"}
{"timestamp":"2026-05-19T22:13:48.929472Z","level":"info","event":"Filling up the DagBag from /opt/airflow/dags/dag.py","logger":"airflow.dag_processing.dagbag.BundleDagBag","filename":"dagbag.py","lineno":469}
{"timestamp":"2026-05-19T22:13:48.975900Z","level":"info","event":"Inizializzazione del DAG","logger":"root","filename":"dag.py","lineno":19}
{"timestamp":"2026-05-19T22:13:48.980522Z","level":"warning","event":"The `airflow.operators.python.PythonOperator` attribute is deprecated. Please use `'airflow.providers.standard.operators.python.PythonOperator'`.","category":"UserWarning","filename":"/opt/airflow/dags/dag.py","lineno":5,"logger":"py.warnings"}
{"timestamp":"2026-05-19T22:14:19.648498Z","level":"info","event":"Filling up the DagBag from /opt/airflow/dags/dag.py","logger":"airflow.dag_processing.dagbag.BundleDagBag","filename":"dagbag.py","lineno":469}
{"timestamp":"2026-05-19T22:14:19.686409Z","level":"info","event":"Inizializzazione del DAG","logger":"root","filename":"dag.py","lineno":19}
{"timestamp":"2026-05-19T22:14:19.690768Z","level":"warning","event":"The `airflow.operators.python.PythonOperator` attribute is deprecated. Please use `'airflow.providers.standard.operators.python.PythonOperator'`.","category":"UserWarning","filename":"/opt/airflow/dags/dag.py","lineno":5,"logger":"py.warnings"}
{"timestamp":"2026-05-19T22:14:50.367254Z","level":"info","event":"Filling up the DagBag from /opt/airflow/dags/dag.py","logger":"airflow.dag_processing.dagbag.BundleDagBag","filename":"dagbag.py","lineno":469}
{"timestamp":"2026-05-19T22:14:50.408058Z","level":"info","event":"Inizializzazione del DAG","logger":"root","filename":"dag.py","lineno":19}
{"timestamp":"2026-05-19T22:14:50.412414Z","level":"warning","event":"The `airflow.operators.python.PythonOperator` attribute is deprecated. Please use `'airflow.providers.standard.operators.python.PythonOperator'`.","category":"UserWarning","filename":"/opt/airflow/dags/dag.py","lineno":5,"logger":"py.warnings"}
{"timestamp":"2026-05-19T22:15:21.153397Z","level":"info","event":"Filling up the DagBag from /opt/airflow/dags/dag.py","logger":"airflow.dag_processing.dagbag.BundleDagBag","filename":"dagbag.py","lineno":469}
{"timestamp":"2026-05-19T22:15:21.190775Z","level":"info","event":"Inizializzazione del DAG","logger":"root","filename":"dag.py","lineno":19}
{"timestamp":"2026-05-19T22:15:21.194248Z","level":"warning","event":"The `airflow.operators.python.PythonOperator` attribute is deprecated. Please use `'airflow.providers.standard.operators.python.PythonOperator'`.","category":"UserWarning","filename":"/opt/airflow/dags/dag.py","lineno":5,"logger":"py.warnings"}
{"timestamp":"2026-05-19T22:15:51.873576Z","level":"info","event":"Filling up the DagBag from /opt/airflow/dags/dag.py","logger":"airflow.dag_processing.dagbag.BundleDagBag","filename":"dagbag.py","lineno":469}
{"timestamp":"2026-05-19T22:15:51.910833Z","level":"info","event":"Inizializzazione del DAG","logger":"root","filename":"dag.py","lineno":19}
{"timestamp":"2026-05-19T22:15:51.914079Z","level":"warning","event":"The `airflow.operators.python.PythonOperator` attribute is deprecated. Please use `'airflow.providers.standard.operators.python.PythonOperator'`.","category":"UserWarning","filename":"/opt/airflow/dags/dag.py","lineno":5,"logger":"py.warnings"}
{"timestamp":"2026-05-19T22:16:22.586636Z","level":"info","event":"Filling up the DagBag from /opt/airflow/dags/dag.py","logger":"airflow.dag_processing.dagbag.BundleDagBag","filename":"dagbag.py","lineno":469}
{"timestamp":"2026-05-19T22:16:22.627945Z","level":"info","event":"Inizializzazione del DAG","logger":"root","filename":"dag.py","lineno":19}
{"timestamp":"2026-05-19T22:16:22.631527Z","level":"warning","event":"The `airflow.operators.python.PythonOperator` attribute is deprecated. Please use `'airflow.providers.standard.operators.python.PythonOperator'`.","category":"UserWarning","filename":"/opt/airflow/dags/dag.py","lineno":5,"logger":"py.warnings"}
{"timestamp":"2026-05-19T22:16:53.193931Z","level":"info","event":"Filling up the DagBag from /opt/airflow/dags/dag.py","logger":"airflow.dag_processing.dagbag.BundleDagBag","filename":"dagbag.py","lineno":469}
{"timestamp":"2026-05-19T22:16:53.230267Z","level":"info","event":"Inizializzazione del DAG","logger":"root","filename":"dag.py","lineno":19}
{"timestamp":"2026-05-19T22:16:53.233826Z","level":"warning","event":"The `airflow.operators.python.PythonOperator` attribute is deprecated. Please use `'airflow.providers.standard.operators.python.PythonOperator'`.","category":"UserWarning","filename":"/opt/airflow/dags/dag.py","lineno":5,"logger":"py.warnings"}
{"timestamp":"2026-05-19T22:17:23.850481Z","level":"info","event":"Filling up the DagBag from /opt/airflow/dags/dag.py","logger":"airflow.dag_processing.dagbag.BundleDagBag","filename":"dagbag.py","lineno":469}
{"timestamp":"2026-05-19T22:17:23.890679Z","level":"info","event":"Inizializzazione del DAG","logger":"root","filename":"dag.py","lineno":19}
{"timestamp":"2026-05-19T22:17:23.894294Z","level":"warning","event":"The `airflow.operators.python.PythonOperator` attribute is deprecated. Please use `'airflow.providers.standard.operators.python.PythonOperator'`.","category":"UserWarning","filename":"/opt/airflow/dags/dag.py","lineno":5,"logger":"py.warnings"}
{"timestamp":"2026-05-19T22:17:54.565486Z","level":"info","event":"Filling up the DagBag from /opt/airflow/dags/dag.py","logger":"airflow.dag_processing.dagbag.BundleDagBag","filename":"dagbag.py","lineno":469}
{"timestamp":"2026-05-19T22:17:54.675848Z","level":"info","event":"Inizializzazione del DAG","logger":"root","filename":"dag.py","lineno":19}
{"timestamp":"2026-05-19T22:17:54.679517Z","level":"warning","event":"The `airflow.operators.python.PythonOperator` attribute is deprecated. Please use `'airflow.providers.standard.operators.python.PythonOperator'`.","category":"UserWarning","filename":"/opt/airflow/dags/dag.py","lineno":5,"logger":"py.warnings"}
{"timestamp":"2026-05-19T22:18:25.407231Z","level":"info","event":"Filling up the DagBag from /opt/airflow/dags/dag.py","logger":"airflow.dag_processing.dagbag.BundleDagBag","filename":"dagbag.py","lineno":469}
{"timestamp":"2026-05-19T22:18:25.448862Z","level":"info","event":"Inizializzazione del DAG","logger":"root","filename":"dag.py","lineno":19}
{"timestamp":"2026-05-19T22:18:25.452429Z","level":"warning","event":"The `airflow.operators.python.PythonOperator` attribute is deprecated. Please use `'airflow.providers.standard.operators.python.PythonOperator'`.","category":"UserWarning","filename":"/opt/airflow/dags/dag.py","lineno":5,"logger":"py.warnings"}
{"timestamp":"2026-05-19T22:18:56.082099Z","level":"info","event":"Filling up the DagBag from /opt/airflow/dags/dag.py","logger":"airflow.dag_processing.dagbag.BundleDagBag","filename":"dagbag.py","lineno":469}
{"timestamp":"2026-05-19T22:18:56.118168Z","level":"info","event":"Inizializzazione del DAG","logger":"root","filename":"dag.py","lineno":19}
{"timestamp":"2026-05-19T22:18:56.121506Z","level":"warning","event":"The `airflow.operators.python.PythonOperator` attribute is deprecated. Please use `'airflow.providers.standard.operators.python.PythonOperator'`.","category":"UserWarning","filename":"/opt/airflow/dags/dag.py","lineno":5,"logger":"py.warnings"}
{"timestamp":"2026-05-19T22:19:26.873115Z","level":"info","event":"Filling up the DagBag from /opt/airflow/dags/dag.py","logger":"airflow.dag_processing.dagbag.BundleDagBag","filename":"dagbag.py","lineno":469}
{"timestamp":"2026-05-19T22:19:26.910327Z","level":"info","event":"Inizializzazione del DAG","logger":"root","filename":"dag.py","lineno":19}
{"timestamp":"2026-05-19T22:19:26.913710Z","level":"warning","event":"The `airflow.operators.python.PythonOperator` attribute is deprecated. Please use `'airflow.providers.standard.operators.python.PythonOperator'`.","category":"UserWarning","filename":"/opt/airflow/dags/dag.py","lineno":5,"logger":"py.warnings"}
{"timestamp":"2026-05-19T22:19:57.572506Z","level":"info","event":"Filling up the DagBag from /opt/airflow/dags/dag.py","logger":"airflow.dag_processing.dagbag.BundleDagBag","filename":"dagbag.py","lineno":469}
{"timestamp":"2026-05-19T22:19:57.608137Z","level":"info","event":"Inizializzazione del DAG","logger":"root","filename":"dag.py","lineno":19}
{"timestamp":"2026-05-19T22:19:57.611209Z","level":"warning","event":"The `airflow.operators.python.PythonOperator` attribute is deprecated. Please use `'airflow.providers.standard.operators.python.PythonOperator'`.","category":"UserWarning","filename":"/opt/airflow/dags/dag.py","lineno":5,"logger":"py.warnings"}
{"timestamp":"2026-05-19T22:20:28.285202Z","level":"info","event":"Filling up the DagBag from /opt/airflow/dags/dag.py","logger":"airflow.dag_processing.dagbag.BundleDagBag","filename":"dagbag.py","lineno":469}
{"timestamp":"2026-05-19T22:20:28.329136Z","level":"info","event":"Inizializzazione del DAG","logger":"root","filename":"dag.py","lineno":19}
{"timestamp":"2026-05-19T22:20:28.333372Z","level":"warning","event":"The `airflow.operators.python.PythonOperator` attribute is deprecated. Please use `'airflow.providers.standard.operators.python.PythonOperator'`.","category":"UserWarning","filename":"/opt/airflow/dags/dag.py","lineno":5,"logger":"py.warnings"}
{"timestamp":"2026-05-19T22:20:59.010281Z","level":"info","event":"Filling up the DagBag from /opt/airflow/dags/dag.py","logger":"airflow.dag_processing.dagbag.BundleDagBag","filename":"dagbag.py","lineno":469}
{"timestamp":"2026-05-19T22:20:59.050102Z","level":"info","event":"Inizializzazione del DAG","logger":"root","filename":"dag.py","lineno":19}
{"timestamp":"2026-05-19T22:20:59.053429Z","level":"warning","event":"The `airflow.operators.python.PythonOperator` attribute is deprecated. Please use `'airflow.providers.standard.operators.python.PythonOperator'`.","category":"UserWarning","filename":"/opt/airflow/dags/dag.py","lineno":5,"logger":"py.warnings"}
{"timestamp":"2026-05-19T22:21:29.715346Z","level":"info","event":"Filling up the DagBag from /opt/airflow/dags/dag.py","logger":"airflow.dag_processing.dagbag.BundleDagBag","filename":"dagbag.py","lineno":469}
{"timestamp":"2026-05-19T22:21:29.750848Z","level":"info","event":"Inizializzazione del DAG","logger":"root","filename":"dag.py","lineno":19}
{"timestamp":"2026-05-19T22:21:29.754432Z","level":"warning","event":"The `airflow.operators.python.PythonOperator` attribute is deprecated. Please use `'airflow.providers.standard.operators.python.PythonOperator'`.","category":"UserWarning","filename":"/opt/airflow/dags/dag.py","lineno":5,"logger":"py.warnings"}
{"timestamp":"2026-05-19T22:22:00.366857Z","level":"info","event":"Filling up the DagBag from /opt/airflow/dags/dag.py","logger":"airflow.dag_processing.dagbag.BundleDagBag","filename":"dagbag.py","lineno":469}
{"timestamp":"2026-05-19T22:22:00.403669Z","level":"info","event":"Inizializzazione del DAG","logger":"root","filename":"dag.py","lineno":19}
{"timestamp":"2026-05-19T22:22:00.406927Z","level":"warning","event":"The `airflow.operators.python.PythonOperator` attribute is deprecated. Please use `'airflow.providers.standard.operators.python.PythonOperator'`.","category":"UserWarning","filename":"/opt/airflow/dags/dag.py","lineno":5,"logger":"py.warnings"}
{"timestamp":"2026-05-19T22:22:31.002637Z","level":"info","event":"Filling up the DagBag from /opt/airflow/dags/dag.py","logger":"airflow.dag_processing.dagbag.BundleDagBag","filename":"dagbag.py","lineno":469}
{"timestamp":"2026-05-19T22:22:31.039543Z","level":"info","event":"Inizializzazione del DAG","logger":"root","filename":"dag.py","lineno":19}
{"timestamp":"2026-05-19T22:22:31.042592Z","level":"warning","event":"The `airflow.operators.python.PythonOperator` attribute is deprecated. Please use `'airflow.providers.standard.operators.python.PythonOperator'`.","category":"UserWarning","filename":"/opt/airflow/dags/dag.py","lineno":5,"logger":"py.warnings"}
{"timestamp":"2026-05-19T22:23:01.753684Z","level":"info","event":"Filling up the DagBag from /opt/airflow/dags/dag.py","logger":"airflow.dag_processing.dagbag.BundleDagBag","filename":"dagbag.py","lineno":469}
{"timestamp":"2026-05-19T22:23:01.790503Z","level":"info","event":"Inizializzazione del DAG","logger":"root","filename":"dag.py","lineno":19}
{"timestamp":"2026-05-19T22:23:01.793711Z","level":"warning","event":"The `airflow.operators.python.PythonOperator` attribute is deprecated. Please use `'airflow.providers.standard.operators.python.PythonOperator'`.","category":"UserWarning","filename":"/opt/airflow/dags/dag.py","lineno":5,"logger":"py.warnings"}
{"timestamp":"2026-05-19T22:23:32.467238Z","level":"info","event":"Filling up the DagBag from /opt/airflow/dags/dag.py","logger":"airflow.dag_processing.dagbag.BundleDagBag","filename":"dagbag.py","lineno":469}
{"timestamp":"2026-05-19T22:23:32.507041Z","level":"info","event":"Inizializzazione del DAG","logger":"root","filename":"dag.py","lineno":19}
{"timestamp":"2026-05-19T22:23:32.510461Z","level":"warning","event":"The `airflow.operators.python.PythonOperator` attribute is deprecated. Please use `'airflow.providers.standard.operators.python.PythonOperator'`.","category":"UserWarning","filename":"/opt/airflow/dags/dag.py","lineno":5,"logger":"py.warnings"}
{"timestamp":"2026-05-19T22:24:03.203630Z","level":"info","event":"Filling up the DagBag from /opt/airflow/dags/dag.py","logger":"airflow.dag_processing.dagbag.BundleDagBag","filename":"dagbag.py","lineno":469}
{"timestamp":"2026-05-19T22:24:03.243014Z","level":"info","event":"Inizializzazione del DAG","logger":"root","filename":"dag.py","lineno":19}
{"timestamp":"2026-05-19T22:24:03.246676Z","level":"warning","event":"The `airflow.operators.python.PythonOperator` attribute is deprecated. Please use `'airflow.providers.standard.operators.python.PythonOperator'`.","category":"UserWarning","filename":"/opt/airflow/dags/dag.py","lineno":5,"logger":"py.warnings"}
{"timestamp":"2026-05-19T22:24:33.990599Z","level":"info","event":"Filling up the DagBag from /opt/airflow/dags/dag.py","logger":"airflow.dag_processing.dagbag.BundleDagBag","filename":"dagbag.py","lineno":469}
{"timestamp":"2026-05-19T22:24:34.027502Z","level":"info","event":"Inizializzazione del DAG","logger":"root","filename":"dag.py","lineno":19}
{"timestamp":"2026-05-19T22:24:34.030697Z","level":"warning","event":"The `airflow.operators.python.PythonOperator` attribute is deprecated. Please use `'airflow.providers.standard.operators.python.PythonOperator'`.","category":"UserWarning","filename":"/opt/airflow/dags/dag.py","lineno":5,"logger":"py.warnings"}
{"timestamp":"2026-05-19T22:25:04.834843Z","level":"info","event":"Filling up the DagBag from /opt/airflow/dags/dag.py","logger":"airflow.dag_processing.dagbag.BundleDagBag","filename":"dagbag.py","lineno":469}
{"timestamp":"2026-05-19T22:25:04.869143Z","level":"info","event":"Inizializzazione del DAG","logger":"root","filename":"dag.py","lineno":19}
{"timestamp":"2026-05-19T22:25:04.872350Z","level":"warning","event":"The `airflow.operators.python.PythonOperator` attribute is deprecated. Please use `'airflow.providers.standard.operators.python.PythonOperator'`.","category":"UserWarning","filename":"/opt/airflow/dags/dag.py","lineno":5,"logger":"py.warnings"}
{"timestamp":"2026-05-19T22:25:35.437753Z","level":"info","event":"Filling up the DagBag from /opt/airflow/dags/dag.py","logger":"airflow.dag_processing.dagbag.BundleDagBag","filename":"dagbag.py","lineno":469}
{"timestamp":"2026-05-19T22:25:35.473601Z","level":"info","event":"Inizializzazione del DAG","logger":"root","filename":"dag.py","lineno":19}
{"timestamp":"2026-05-19T22:25:35.476718Z","level":"warning","event":"The `airflow.operators.python.PythonOperator` attribute is deprecated. Please use `'airflow.providers.standard.operators.python.PythonOperator'`.","category":"UserWarning","filename":"/opt/airflow/dags/dag.py","lineno":5,"logger":"py.warnings"}
{"timestamp":"2026-05-19T22:26:06.223223Z","level":"info","event":"Filling up the DagBag from /opt/airflow/dags/dag.py","logger":"airflow.dag_processing.dagbag.BundleDagBag","filename":"dagbag.py","lineno":469}
{"timestamp":"2026-05-19T22:26:06.260069Z","level":"info","event":"Inizializzazione del DAG","logger":"root","filename":"dag.py","lineno":19}
{"timestamp":"2026-05-19T22:26:06.263348Z","level":"warning","event":"The `airflow.operators.python.PythonOperator` attribute is deprecated. Please use `'airflow.providers.standard.operators.python.PythonOperator'`.","category":"UserWarning","filename":"/opt/airflow/dags/dag.py","lineno":5,"logger":"py.warnings"}
{"timestamp":"2026-05-19T22:26:36.956059Z","level":"info","event":"Filling up the DagBag from /opt/airflow/dags/dag.py","logger":"airflow.dag_processing.dagbag.BundleDagBag","filename":"dagbag.py","lineno":469}
{"timestamp":"2026-05-19T22:26:36.992527Z","level":"info","event":"Inizializzazione del DAG","logger":"root","filename":"dag.py","lineno":19}
{"timestamp":"2026-05-19T22:26:36.995720Z","level":"warning","event":"The `airflow.operators.python.PythonOperator` attribute is deprecated. Please use `'airflow.providers.standard.operators.python.PythonOperator'`.","category":"UserWarning","filename":"/opt/airflow/dags/dag.py","lineno":5,"logger":"py.warnings"}
{"timestamp":"2026-05-19T22:27:07.697079Z","level":"info","event":"Filling up the DagBag from /opt/airflow/dags/dag.py","logger":"airflow.dag_processing.dagbag.BundleDagBag","filename":"dagbag.py","lineno":469}
{"timestamp":"2026-05-19T22:27:07.750743Z","level":"info","event":"Inizializzazione del DAG","logger":"root","filename":"dag.py","lineno":19}
{"timestamp":"2026-05-19T22:27:07.755369Z","level":"warning","event":"The `airflow.operators.python.PythonOperator` attribute is deprecated. Please use `'airflow.providers.standard.operators.python.PythonOperator'`.","category":"UserWarning","filename":"/opt/airflow/dags/dag.py","lineno":5,"logger":"py.warnings"}
{"timestamp":"2026-05-19T22:27:38.430592Z","level":"info","event":"Filling up the DagBag from /opt/airflow/dags/dag.py","logger":"airflow.dag_processing.dagbag.BundleDagBag","filename":"dagbag.py","lineno":469}
{"timestamp":"2026-05-19T22:27:38.469358Z","level":"info","event":"Inizializzazione del DAG","logger":"root","filename":"dag.py","lineno":19}
{"timestamp":"2026-05-19T22:27:38.472821Z","level":"warning","event":"The `airflow.operators.python.PythonOperator` attribute is deprecated. Please use `'airflow.providers.standard.operators.python.PythonOperator'`.","category":"UserWarning","filename":"/opt/airflow/dags/dag.py","lineno":5,"logger":"py.warnings"}
{"timestamp":"2026-05-19T22:28:09.168894Z","level":"info","event":"Filling up the DagBag from /opt/airflow/dags/dag.py","logger":"airflow.dag_processing.dagbag.BundleDagBag","filename":"dagbag.py","lineno":469}
{"timestamp":"2026-05-19T22:28:09.205073Z","level":"info","event":"Inizializzazione del DAG","logger":"root","filename":"dag.py","lineno":19}
{"timestamp":"2026-05-19T22:28:09.208410Z","level":"warning","event":"The `airflow.operators.python.PythonOperator` attribute is deprecated. Please use `'airflow.providers.standard.operators.python.PythonOperator'`.","category":"UserWarning","filename":"/opt/airflow/dags/dag.py","lineno":5,"logger":"py.warnings"}
{"timestamp":"2026-05-19T22:28:39.851895Z","level":"info","event":"Filling up the DagBag from /opt/airflow/dags/dag.py","logger":"airflow.dag_processing.dagbag.BundleDagBag","filename":"dagbag.py","lineno":469}
{"timestamp":"2026-05-19T22:28:39.889840Z","level":"info","event":"Inizializzazione del DAG","logger":"root","filename":"dag.py","lineno":19}
{"timestamp":"2026-05-19T22:28:39.893296Z","level":"warning","event":"The `airflow.operators.python.PythonOperator` attribute is deprecated. Please use `'airflow.providers.standard.operators.python.PythonOperator'`.","category":"UserWarning","filename":"/opt/airflow/dags/dag.py","lineno":5,"logger":"py.warnings"}
{"timestamp":"2026-05-19T22:29:10.574459Z","level":"info","event":"Filling up the DagBag from /opt/airflow/dags/dag.py","logger":"airflow.dag_processing.dagbag.BundleDagBag","filename":"dagbag.py","lineno":469}
{"timestamp":"2026-05-19T22:29:10.610743Z","level":"info","event":"Inizializzazione del DAG","logger":"root","filename":"dag.py","lineno":19}
{"timestamp":"2026-05-19T22:29:10.614108Z","level":"warning","event":"The `airflow.operators.python.PythonOperator` attribute is deprecated. Please use `'airflow.providers.standard.operators.python.PythonOperator'`.","category":"UserWarning","filename":"/opt/airflow/dags/dag.py","lineno":5,"logger":"py.warnings"}
{"timestamp":"2026-05-19T22:29:41.281733Z","level":"info","event":"Filling up the DagBag from /opt/airflow/dags/dag.py","logger":"airflow.dag_processing.dagbag.BundleDagBag","filename":"dagbag.py","lineno":469}
{"timestamp":"2026-05-19T22:29:41.344670Z","level":"info","event":"Inizializzazione del DAG","logger":"root","filename":"dag.py","lineno":19}
{"timestamp":"2026-05-19T22:29:41.349035Z","level":"warning","event":"The `airflow.operators.python.PythonOperator` attribute is deprecated. Please use `'airflow.providers.standard.operators.python.PythonOperator'`.","category":"UserWarning","filename":"/opt/airflow/dags/dag.py","lineno":5,"logger":"py.warnings"}
{"timestamp":"2026-05-19T22:30:12.059537Z","level":"info","event":"Filling up the DagBag from /opt/airflow/dags/dag.py","logger":"airflow.dag_processing.dagbag.BundleDagBag","filename":"dagbag.py","lineno":469}
{"timestamp":"2026-05-19T22:30:12.099318Z","level":"info","event":"Inizializzazione del DAG","logger":"root","filename":"dag.py","lineno":19}
{"timestamp":"2026-05-19T22:30:12.102451Z","level":"warning","event":"The `airflow.operators.python.PythonOperator` attribute is deprecated. Please use `'airflow.providers.standard.operators.python.PythonOperator'`.","category":"UserWarning","filename":"/opt/airflow/dags/dag.py","lineno":5,"logger":"py.warnings"}
{"timestamp":"2026-05-19T22:30:42.690394Z","level":"info","event":"Filling up the DagBag from /opt/airflow/dags/dag.py","logger":"airflow.dag_processing.dagbag.BundleDagBag","filename":"dagbag.py","lineno":469}
{"timestamp":"2026-05-19T22:30:42.730015Z","level":"info","event":"Inizializzazione del DAG","logger":"root","filename":"dag.py","lineno":19}
{"timestamp":"2026-05-19T22:30:42.733151Z","level":"warning","event":"The `airflow.operators.python.PythonOperator` attribute is deprecated. Please use `'airflow.providers.standard.operators.python.PythonOperator'`.","category":"UserWarning","filename":"/opt/airflow/dags/dag.py","lineno":5,"logger":"py.warnings"}
{"timestamp":"2026-05-19T22:31:13.386612Z","level":"info","event":"Filling up the DagBag from /opt/airflow/dags/dag.py","logger":"airflow.dag_processing.dagbag.BundleDagBag","filename":"dagbag.py","lineno":469}
{"timestamp":"2026-05-19T22:31:13.432571Z","level":"info","event":"Inizializzazione del DAG","logger":"root","filename":"dag.py","lineno":19}
{"timestamp":"2026-05-19T22:31:13.439687Z","level":"warning","event":"The `airflow.operators.python.PythonOperator` attribute is deprecated. Please use `'airflow.providers.standard.operators.python.PythonOperator'`.","category":"UserWarning","filename":"/opt/airflow/dags/dag.py","lineno":5,"logger":"py.warnings"}
{"timestamp":"2026-05-19T22:31:44.165703Z","level":"info","event":"Filling up the DagBag from /opt/airflow/dags/dag.py","logger":"airflow.dag_processing.dagbag.BundleDagBag","filename":"dagbag.py","lineno":469}
{"timestamp":"2026-05-19T22:31:44.202966Z","level":"info","event":"Inizializzazione del DAG","logger":"root","filename":"dag.py","lineno":19}
{"timestamp":"2026-05-19T22:31:44.206433Z","level":"warning","event":"The `airflow.operators.python.PythonOperator` attribute is deprecated. Please use `'airflow.providers.standard.operators.python.PythonOperator'`.","category":"UserWarning","filename":"/opt/airflow/dags/dag.py","lineno":5,"logger":"py.warnings"}
{"timestamp":"2026-05-19T22:32:14.914334Z","level":"info","event":"Filling up the DagBag from /opt/airflow/dags/dag.py","logger":"airflow.dag_processing.dagbag.BundleDagBag","filename":"dagbag.py","lineno":469}
{"timestamp":"2026-05-19T22:32:14.954582Z","level":"info","event":"Inizializzazione del DAG","logger":"root","filename":"dag.py","lineno":19}
{"timestamp":"2026-05-19T22:32:14.957761Z","level":"warning","event":"The `airflow.operators.python.PythonOperator` attribute is deprecated. Please use `'airflow.providers.standard.operators.python.PythonOperator'`.","category":"UserWarning","filename":"/opt/airflow/dags/dag.py","lineno":5,"logger":"py.warnings"}
{"timestamp":"2026-05-19T22:32:45.564755Z","level":"info","event":"Filling up the DagBag from /opt/airflow/dags/dag.py","logger":"airflow.dag_processing.dagbag.BundleDagBag","filename":"dagbag.py","lineno":469}
{"timestamp":"2026-05-19T22:32:45.602390Z","level":"info","event":"Inizializzazione del DAG","logger":"root","filename":"dag.py","lineno":19}
{"timestamp":"2026-05-19T22:32:45.605721Z","level":"warning","event":"The `airflow.operators.python.PythonOperator` attribute is deprecated. Please use `'airflow.providers.standard.operators.python.PythonOperator'`.","category":"UserWarning","filename":"/opt/airflow/dags/dag.py","lineno":5,"logger":"py.warnings"}
{"timestamp":"2026-05-19T22:33:16.328100Z","level":"info","event":"Filling up the DagBag from /opt/airflow/dags/dag.py","logger":"airflow.dag_processing.dagbag.BundleDagBag","filename":"dagbag.py","lineno":469}
{"timestamp":"2026-05-19T22:33:16.366960Z","level":"info","event":"Inizializzazione del DAG","logger":"root","filename":"dag.py","lineno":19}
{"timestamp":"2026-05-19T22:33:16.370283Z","level":"warning","event":"The `airflow.operators.python.PythonOperator` attribute is deprecated. Please use `'airflow.providers.standard.operators.python.PythonOperator'`.","category":"UserWarning","filename":"/opt/airflow/dags/dag.py","lineno":5,"logger":"py.warnings"}
{"timestamp":"2026-05-19T22:33:47.029127Z","level":"info","event":"Filling up the DagBag from /opt/airflow/dags/dag.py","logger":"airflow.dag_processing.dagbag.BundleDagBag","filename":"dagbag.py","lineno":469}
{"timestamp":"2026-05-19T22:33:47.077735Z","level":"info","event":"Inizializzazione del DAG","logger":"root","filename":"dag.py","lineno":19}
{"timestamp":"2026-05-19T22:33:47.082722Z","level":"warning","event":"The `airflow.operators.python.PythonOperator` attribute is deprecated. Please use `'airflow.providers.standard.operators.python.PythonOperator'`.","category":"UserWarning","filename":"/opt/airflow/dags/dag.py","lineno":5,"logger":"py.warnings"}
{"timestamp":"2026-05-19T22:34:17.768511Z","level":"info","event":"Filling up the DagBag from /opt/airflow/dags/dag.py","logger":"airflow.dag_processing.dagbag.BundleDagBag","filename":"dagbag.py","lineno":469}
{"timestamp":"2026-05-19T22:34:17.815570Z","level":"info","event":"Inizializzazione del DAG","logger":"root","filename":"dag.py","lineno":19}
{"timestamp":"2026-05-19T22:34:17.819473Z","level":"warning","event":"The `airflow.operators.python.PythonOperator` attribute is deprecated. Please use `'airflow.providers.standard.operators.python.PythonOperator'`.","category":"UserWarning","filename":"/opt/airflow/dags/dag.py","lineno":5,"logger":"py.warnings"}
{"timestamp":"2026-05-19T22:34:48.556192Z","level":"info","event":"Filling up the DagBag from /opt/airflow/dags/dag.py","logger":"airflow.dag_processing.dagbag.BundleDagBag","filename":"dagbag.py","lineno":469}
{"timestamp":"2026-05-19T22:34:48.595659Z","level":"info","event":"Inizializzazione del DAG","logger":"root","filename":"dag.py","lineno":19}
{"timestamp":"2026-05-19T22:34:48.599052Z","level":"warning","event":"The `airflow.operators.python.PythonOperator` attribute is deprecated. Please use `'airflow.providers.standard.operators.python.PythonOperator'`.","category":"UserWarning","filename":"/opt/airflow/dags/dag.py","lineno":5,"logger":"py.warnings"}
{"timestamp":"2026-05-19T22:35:19.180416Z","level":"info","event":"Filling up the DagBag from /opt/airflow/dags/dag.py","logger":"airflow.dag_processing.dagbag.BundleDagBag","filename":"dagbag.py","lineno":469}
{"timestamp":"2026-05-19T22:35:19.231546Z","level":"info","event":"Inizializzazione del DAG","logger":"root","filename":"dag.py","lineno":19}
{"timestamp":"2026-05-19T22:35:19.235539Z","level":"warning","event":"The `airflow.operators.python.PythonOperator` attribute is deprecated. Please use `'airflow.providers.standard.operators.python.PythonOperator'`.","category":"UserWarning","filename":"/opt/airflow/dags/dag.py","lineno":5,"logger":"py.warnings"}
{"timestamp":"2026-05-19T22:35:49.871360Z","level":"info","event":"Filling up the DagBag from /opt/airflow/dags/dag.py","logger":"airflow.dag_processing.dagbag.BundleDagBag","filename":"dagbag.py","lineno":469}
{"timestamp":"2026-05-19T22:35:49.909018Z","level":"info","event":"Inizializzazione del DAG","logger":"root","filename":"dag.py","lineno":19}
{"timestamp":"2026-05-19T22:35:49.912555Z","level":"warning","event":"The `airflow.operators.python.PythonOperator` attribute is deprecated. Please use `'airflow.providers.standard.operators.python.PythonOperator'`.","category":"UserWarning","filename":"/opt/airflow/dags/dag.py","lineno":5,"logger":"py.warnings"}
{"timestamp":"2026-05-19T22:36:20.612951Z","level":"info","event":"Filling up the DagBag from /opt/airflow/dags/dag.py","logger":"airflow.dag_processing.dagbag.BundleDagBag","filename":"dagbag.py","lineno":469}
{"timestamp":"2026-05-19T22:36:20.652171Z","level":"info","event":"Inizializzazione del DAG","logger":"root","filename":"dag.py","lineno":19}
{"timestamp":"2026-05-19T22:36:20.657192Z","level":"warning","event":"The `airflow.operators.python.PythonOperator` attribute is deprecated. Please use `'airflow.providers.standard.operators.python.PythonOperator'`.","category":"UserWarning","filename":"/opt/airflow/dags/dag.py","lineno":5,"logger":"py.warnings"}
{"timestamp":"2026-05-19T22:36:51.384915Z","level":"info","event":"Filling up the DagBag from /opt/airflow/dags/dag.py","logger":"airflow.dag_processing.dagbag.BundleDagBag","filename":"dagbag.py","lineno":469}
{"timestamp":"2026-05-19T22:36:51.419118Z","level":"info","event":"Inizializzazione del DAG","logger":"root","filename":"dag.py","lineno":19}
{"timestamp":"2026-05-19T22:36:51.422738Z","level":"warning","event":"The `airflow.operators.python.PythonOperator` attribute is deprecated. Please use `'airflow.providers.standard.operators.python.PythonOperator'`.","category":"UserWarning","filename":"/opt/airflow/dags/dag.py","lineno":5,"logger":"py.warnings"}
{"timestamp":"2026-05-19T22:37:22.092931Z","level":"info","event":"Filling up the DagBag from /opt/airflow/dags/dag.py","logger":"airflow.dag_processing.dagbag.BundleDagBag","filename":"dagbag.py","lineno":469}
{"timestamp":"2026-05-19T22:37:22.134414Z","level":"info","event":"Inizializzazione del DAG","logger":"root","filename":"dag.py","lineno":19}
{"timestamp":"2026-05-19T22:37:22.138431Z","level":"warning","event":"The `airflow.operators.python.PythonOperator` attribute is deprecated. Please use `'airflow.providers.standard.operators.python.PythonOperator'`.","category":"UserWarning","filename":"/opt/airflow/dags/dag.py","lineno":5,"logger":"py.warnings"}
{"timestamp":"2026-05-19T22:37:52.783234Z","level":"info","event":"Filling up the DagBag from /opt/airflow/dags/dag.py","logger":"airflow.dag_processing.dagbag.BundleDagBag","filename":"dagbag.py","lineno":469}
{"timestamp":"2026-05-19T22:37:52.820967Z","level":"info","event":"Inizializzazione del DAG","logger":"root","filename":"dag.py","lineno":19}
{"timestamp":"2026-05-19T22:37:52.824594Z","level":"warning","event":"The `airflow.operators.python.PythonOperator` attribute is deprecated. Please use `'airflow.providers.standard.operators.python.PythonOperator'`.","category":"UserWarning","filename":"/opt/airflow/dags/dag.py","lineno":5,"logger":"py.warnings"}
{"timestamp":"2026-05-19T22:38:23.547488Z","level":"info","event":"Filling up the DagBag from /opt/airflow/dags/dag.py","logger":"airflow.dag_processing.dagbag.BundleDagBag","filename":"dagbag.py","lineno":469}
{"timestamp":"2026-05-19T22:38:23.590054Z","level":"info","event":"Inizializzazione del DAG","logger":"root","filename":"dag.py","lineno":19}
{"timestamp":"2026-05-19T22:38:23.593951Z","level":"warning","event":"The `airflow.operators.python.PythonOperator` attribute is deprecated. Please use `'airflow.providers.standard.operators.python.PythonOperator'`.","category":"UserWarning","filename":"/opt/airflow/dags/dag.py","lineno":5,"logger":"py.warnings"}
{"timestamp":"2026-05-19T22:38:54.301188Z","level":"info","event":"Filling up the DagBag from /opt/airflow/dags/dag.py","logger":"airflow.dag_processing.dagbag.BundleDagBag","filename":"dagbag.py","lineno":469}
{"timestamp":"2026-05-19T22:38:54.338454Z","level":"info","event":"Inizializzazione del DAG","logger":"root","filename":"dag.py","lineno":19}
{"timestamp":"2026-05-19T22:38:54.341788Z","level":"warning","event":"The `airflow.operators.python.PythonOperator` attribute is deprecated. Please use `'airflow.providers.standard.operators.python.PythonOperator'`.","category":"UserWarning","filename":"/opt/airflow/dags/dag.py","lineno":5,"logger":"py.warnings"}
{"timestamp":"2026-05-19T22:39:25.008103Z","level":"info","event":"Filling up the DagBag from /opt/airflow/dags/dag.py","logger":"airflow.dag_processing.dagbag.BundleDagBag","filename":"dagbag.py","lineno":469}
{"timestamp":"2026-05-19T22:39:25.047764Z","level":"info","event":"Inizializzazione del DAG","logger":"root","filename":"dag.py","lineno":19}
{"timestamp":"2026-05-19T22:39:25.051138Z","level":"warning","event":"The `airflow.operators.python.PythonOperator` attribute is deprecated. Please use `'airflow.providers.standard.operators.python.PythonOperator'`.","category":"UserWarning","filename":"/opt/airflow/dags/dag.py","lineno":5,"logger":"py.warnings"}
{"timestamp":"2026-05-19T22:39:55.849709Z","level":"info","event":"Filling up the DagBag from /opt/airflow/dags/dag.py","logger":"airflow.dag_processing.dagbag.BundleDagBag","filename":"dagbag.py","lineno":469}
{"timestamp":"2026-05-19T22:39:55.885452Z","level":"info","event":"Inizializzazione del DAG","logger":"root","filename":"dag.py","lineno":19}
{"timestamp":"2026-05-19T22:39:55.888847Z","level":"warning","event":"The `airflow.operators.python.PythonOperator` attribute is deprecated. Please use `'airflow.providers.standard.operators.python.PythonOperator'`.","category":"UserWarning","filename":"/opt/airflow/dags/dag.py","lineno":5,"logger":"py.warnings"}
{"timestamp":"2026-05-19T22:40:26.597928Z","level":"info","event":"Filling up the DagBag from /opt/airflow/dags/dag.py","logger":"airflow.dag_processing.dagbag.BundleDagBag","filename":"dagbag.py","lineno":469}
{"timestamp":"2026-05-19T22:40:26.635840Z","level":"info","event":"Inizializzazione del DAG","logger":"root","filename":"dag.py","lineno":19}
{"timestamp":"2026-05-19T22:40:26.639015Z","level":"warning","event":"The `airflow.operators.python.PythonOperator` attribute is deprecated. Please use `'airflow.providers.standard.operators.python.PythonOperator'`.","category":"UserWarning","filename":"/opt/airflow/dags/dag.py","lineno":5,"logger":"py.warnings"}
{"timestamp":"2026-05-19T22:40:57.277623Z","level":"info","event":"Filling up the DagBag from /opt/airflow/dags/dag.py","logger":"airflow.dag_processing.dagbag.BundleDagBag","filename":"dagbag.py","lineno":469}
{"timestamp":"2026-05-19T22:40:57.327437Z","level":"info","event":"Inizializzazione del DAG","logger":"root","filename":"dag.py","lineno":19}
{"timestamp":"2026-05-19T22:40:57.333455Z","level":"warning","event":"The `airflow.operators.python.PythonOperator` attribute is deprecated. Please use `'airflow.providers.standard.operators.python.PythonOperator'`.","category":"UserWarning","filename":"/opt/airflow/dags/dag.py","lineno":5,"logger":"py.warnings"}
{"timestamp":"2026-05-19T22:41:28.035128Z","level":"info","event":"Filling up the DagBag from /opt/airflow/dags/dag.py","logger":"airflow.dag_processing.dagbag.BundleDagBag","filename":"dagbag.py","lineno":469}
{"timestamp":"2026-05-19T22:41:28.071376Z","level":"info","event":"Inizializzazione del DAG","logger":"root","filename":"dag.py","lineno":19}
{"timestamp":"2026-05-19T22:41:28.074594Z","level":"warning","event":"The `airflow.operators.python.PythonOperator` attribute is deprecated. Please use `'airflow.providers.standard.operators.python.PythonOperator'`.","category":"UserWarning","filename":"/opt/airflow/dags/dag.py","lineno":5,"logger":"py.warnings"}
{"timestamp":"2026-05-19T22:41:58.820656Z","level":"info","event":"Filling up the DagBag from /opt/airflow/dags/dag.py","logger":"airflow.dag_processing.dagbag.BundleDagBag","filename":"dagbag.py","lineno":469}
{"timestamp":"2026-05-19T22:41:58.861041Z","level":"info","event":"Inizializzazione del DAG","logger":"root","filename":"dag.py","lineno":19}
{"timestamp":"2026-05-19T22:41:58.864779Z","level":"warning","event":"The `airflow.operators.python.PythonOperator` attribute is deprecated. Please use `'airflow.providers.standard.operators.python.PythonOperator'`.","category":"UserWarning","filename":"/opt/airflow/dags/dag.py","lineno":5,"logger":"py.warnings"}
{"timestamp":"2026-05-19T22:42:29.500701Z","level":"info","event":"Filling up the DagBag from /opt/airflow/dags/dag.py","logger":"airflow.dag_processing.dagbag.BundleDagBag","filename":"dagbag.py","lineno":469}
{"timestamp":"2026-05-19T22:42:29.537391Z","level":"info","event":"Inizializzazione del DAG","logger":"root","filename":"dag.py","lineno":19}
{"timestamp":"2026-05-19T22:42:29.540614Z","level":"warning","event":"The `airflow.operators.python.PythonOperator` attribute is deprecated. Please use `'airflow.providers.standard.operators.python.PythonOperator'`.","category":"UserWarning","filename":"/opt/airflow/dags/dag.py","lineno":5,"logger":"py.warnings"}
{"timestamp":"2026-05-19T22:43:00.174651Z","level":"info","event":"Filling up the DagBag from /opt/airflow/dags/dag.py","logger":"airflow.dag_processing.dagbag.BundleDagBag","filename":"dagbag.py","lineno":469}
{"timestamp":"2026-05-19T22:43:00.211999Z","level":"info","event":"Inizializzazione del DAG","logger":"root","filename":"dag.py","lineno":19}
{"timestamp":"2026-05-19T22:43:00.215531Z","level":"warning","event":"The `airflow.operators.python.PythonOperator` attribute is deprecated. Please use `'airflow.providers.standard.operators.python.PythonOperator'`.","category":"UserWarning","filename":"/opt/airflow/dags/dag.py","lineno":5,"logger":"py.warnings"}
{"timestamp":"2026-05-19T22:43:30.892554Z","level":"info","event":"Filling up the DagBag from /opt/airflow/dags/dag.py","logger":"airflow.dag_processing.dagbag.BundleDagBag","filename":"dagbag.py","lineno":469}
{"timestamp":"2026-05-19T22:43:30.933203Z","level":"info","event":"Inizializzazione del DAG","logger":"root","filename":"dag.py","lineno":19}
{"timestamp":"2026-05-19T22:43:30.936748Z","level":"warning","event":"The `airflow.operators.python.PythonOperator` attribute is deprecated. Please use `'airflow.providers.standard.operators.python.PythonOperator'`.","category":"UserWarning","filename":"/opt/airflow/dags/dag.py","lineno":5,"logger":"py.warnings"}
{"timestamp":"2026-05-19T22:44:01.599319Z","level":"info","event":"Filling up the DagBag from /opt/airflow/dags/dag.py","logger":"airflow.dag_processing.dagbag.BundleDagBag","filename":"dagbag.py","lineno":469}
{"timestamp":"2026-05-19T22:44:01.636571Z","level":"info","event":"Inizializzazione del DAG","logger":"root","filename":"dag.py","lineno":19}
{"timestamp":"2026-05-19T22:44:01.640093Z","level":"warning","event":"The `airflow.operators.python.PythonOperator` attribute is deprecated. Please use `'airflow.providers.standard.operators.python.PythonOperator'`.","category":"UserWarning","filename":"/opt/airflow/dags/dag.py","lineno":5,"logger":"py.warnings"}
{"timestamp":"2026-05-19T22:44:32.352966Z","level":"info","event":"Filling up the DagBag from /opt/airflow/dags/dag.py","logger":"airflow.dag_processing.dagbag.BundleDagBag","filename":"dagbag.py","lineno":469}
{"timestamp":"2026-05-19T22:44:32.388894Z","level":"info","event":"Inizializzazione del DAG","logger":"root","filename":"dag.py","lineno":19}
{"timestamp":"2026-05-19T22:44:32.392702Z","level":"warning","event":"The `airflow.operators.python.PythonOperator` attribute is deprecated. Please use `'airflow.providers.standard.operators.python.PythonOperator'`.","category":"UserWarning","filename":"/opt/airflow/dags/dag.py","lineno":5,"logger":"py.warnings"}
{"timestamp":"2026-05-19T22:45:03.063452Z","level":"info","event":"Filling up the DagBag from /opt/airflow/dags/dag.py","logger":"airflow.dag_processing.dagbag.BundleDagBag","filename":"dagbag.py","lineno":469}
{"timestamp":"2026-05-19T22:45:03.099883Z","level":"info","event":"Inizializzazione del DAG","logger":"root","filename":"dag.py","lineno":19}
{"timestamp":"2026-05-19T22:45:03.103138Z","level":"warning","event":"The `airflow.operators.python.PythonOperator` attribute is deprecated. Please use `'airflow.providers.standard.operators.python.PythonOperator'`.","category":"UserWarning","filename":"/opt/airflow/dags/dag.py","lineno":5,"logger":"py.warnings"}
{"timestamp":"2026-05-19T22:45:33.806370Z","level":"info","event":"Filling up the DagBag from /opt/airflow/dags/dag.py","logger":"airflow.dag_processing.dagbag.BundleDagBag","filename":"dagbag.py","lineno":469}
{"timestamp":"2026-05-19T22:45:33.853694Z","level":"info","event":"Inizializzazione del DAG","logger":"root","filename":"dag.py","lineno":19}
{"timestamp":"2026-05-19T22:45:33.858212Z","level":"warning","event":"The `airflow.operators.python.PythonOperator` attribute is deprecated. Please use `'airflow.providers.standard.operators.python.PythonOperator'`.","category":"UserWarning","filename":"/opt/airflow/dags/dag.py","lineno":5,"logger":"py.warnings"}
{"timestamp":"2026-05-19T22:46:04.538929Z","level":"info","event":"Filling up the DagBag from /opt/airflow/dags/dag.py","logger":"airflow.dag_processing.dagbag.BundleDagBag","filename":"dagbag.py","lineno":469}
{"timestamp":"2026-05-19T22:46:04.575915Z","level":"info","event":"Inizializzazione del DAG","logger":"root","filename":"dag.py","lineno":19}
{"timestamp":"2026-05-19T22:46:04.579848Z","level":"warning","event":"The `airflow.operators.python.PythonOperator` attribute is deprecated. Please use `'airflow.providers.standard.operators.python.PythonOperator'`.","category":"UserWarning","filename":"/opt/airflow/dags/dag.py","lineno":5,"logger":"py.warnings"}
{"timestamp":"2026-05-19T22:46:35.240826Z","level":"info","event":"Filling up the DagBag from /opt/airflow/dags/dag.py","logger":"airflow.dag_processing.dagbag.BundleDagBag","filename":"dagbag.py","lineno":469}
{"timestamp":"2026-05-19T22:46:35.275469Z","level":"info","event":"Inizializzazione del DAG","logger":"root","filename":"dag.py","lineno":19}
{"timestamp":"2026-05-19T22:46:35.279084Z","level":"warning","event":"The `airflow.operators.python.PythonOperator` attribute is deprecated. Please use `'airflow.providers.standard.operators.python.PythonOperator'`.","category":"UserWarning","filename":"/opt/airflow/dags/dag.py","lineno":5,"logger":"py.warnings"}
{"timestamp":"2026-05-19T22:47:06.041410Z","level":"info","event":"Filling up the DagBag from /opt/airflow/dags/dag.py","logger":"airflow.dag_processing.dagbag.BundleDagBag","filename":"dagbag.py","lineno":469}
{"timestamp":"2026-05-19T22:47:06.081111Z","level":"info","event":"Inizializzazione del DAG","logger":"root","filename":"dag.py","lineno":19}
{"timestamp":"2026-05-19T22:47:06.084830Z","level":"warning","event":"The `airflow.operators.python.PythonOperator` attribute is deprecated. Please use `'airflow.providers.standard.operators.python.PythonOperator'`.","category":"UserWarning","filename":"/opt/airflow/dags/dag.py","lineno":5,"logger":"py.warnings"}
{"timestamp":"2026-05-19T22:47:36.710028Z","level":"info","event":"Filling up the DagBag from /opt/airflow/dags/dag.py","logger":"airflow.dag_processing.dagbag.BundleDagBag","filename":"dagbag.py","lineno":469}
{"timestamp":"2026-05-19T22:47:36.746046Z","level":"info","event":"Inizializzazione del DAG","logger":"root","filename":"dag.py","lineno":19}
{"timestamp":"2026-05-19T22:47:36.749757Z","level":"warning","event":"The `airflow.operators.python.PythonOperator` attribute is deprecated. Please use `'airflow.providers.standard.operators.python.PythonOperator'`.","category":"UserWarning","filename":"/opt/airflow/dags/dag.py","lineno":5,"logger":"py.warnings"}
{"timestamp":"2026-05-19T22:48:07.388082Z","level":"info","event":"Filling up the DagBag from /opt/airflow/dags/dag.py","logger":"airflow.dag_processing.dagbag.BundleDagBag","filename":"dagbag.py","lineno":469}
{"timestamp":"2026-05-19T22:48:07.429822Z","level":"info","event":"Inizializzazione del DAG","logger":"root","filename":"dag.py","lineno":19}
{"timestamp":"2026-05-19T22:48:07.433913Z","level":"warning","event":"The `airflow.operators.python.PythonOperator` attribute is deprecated. Please use `'airflow.providers.standard.operators.python.PythonOperator'`.","category":"UserWarning","filename":"/opt/airflow/dags/dag.py","lineno":5,"logger":"py.warnings"}
{"timestamp":"2026-05-19T22:48:38.177963Z","level":"info","event":"Filling up the DagBag from /opt/airflow/dags/dag.py","logger":"airflow.dag_processing.dagbag.BundleDagBag","filename":"dagbag.py","lineno":469}
{"timestamp":"2026-05-19T22:48:38.234036Z","level":"info","event":"Inizializzazione del DAG","logger":"root","filename":"dag.py","lineno":19}
{"timestamp":"2026-05-19T22:48:38.238120Z","level":"warning","event":"The `airflow.operators.python.PythonOperator` attribute is deprecated. Please use `'airflow.providers.standard.operators.python.PythonOperator'`.","category":"UserWarning","filename":"/opt/airflow/dags/dag.py","lineno":5,"logger":"py.warnings"}
{"timestamp":"2026-05-19T22:49:08.933341Z","level":"info","event":"Filling up the DagBag from /opt/airflow/dags/dag.py","logger":"airflow.dag_processing.dagbag.BundleDagBag","filename":"dagbag.py","lineno":469}
{"timestamp":"2026-05-19T22:49:08.968595Z","level":"info","event":"Inizializzazione del DAG","logger":"root","filename":"dag.py","lineno":19}
{"timestamp":"2026-05-19T22:49:08.972216Z","level":"warning","event":"The `airflow.operators.python.PythonOperator` attribute is deprecated. Please use `'airflow.providers.standard.operators.python.PythonOperator'`.","category":"UserWarning","filename":"/opt/airflow/dags/dag.py","lineno":5,"logger":"py.warnings"}
{"timestamp":"2026-05-19T22:49:39.652427Z","level":"info","event":"Filling up the DagBag from /opt/airflow/dags/dag.py","logger":"airflow.dag_processing.dagbag.BundleDagBag","filename":"dagbag.py","lineno":469}
{"timestamp":"2026-05-19T22:49:39.688805Z","level":"info","event":"Inizializzazione del DAG","logger":"root","filename":"dag.py","lineno":19}
{"timestamp":"2026-05-19T22:49:39.692207Z","level":"warning","event":"The `airflow.operators.python.PythonOperator` attribute is deprecated. Please use `'airflow.providers.standard.operators.python.PythonOperator'`.","category":"UserWarning","filename":"/opt/airflow/dags/dag.py","lineno":5,"logger":"py.warnings"}
{"timestamp":"2026-05-19T22:50:10.417768Z","level":"info","event":"Filling up the DagBag from /opt/airflow/dags/dag.py","logger":"airflow.dag_processing.dagbag.BundleDagBag","filename":"dagbag.py","lineno":469}
{"timestamp":"2026-05-19T22:50:10.463345Z","level":"info","event":"Inizializzazione del DAG","logger":"root","filename":"dag.py","lineno":19}
{"timestamp":"2026-05-19T22:50:10.466950Z","level":"warning","event":"The `airflow.operators.python.PythonOperator` attribute is deprecated. Please use `'airflow.providers.standard.operators.python.PythonOperator'`.","category":"UserWarning","filename":"/opt/airflow/dags/dag.py","lineno":5,"logger":"py.warnings"}
{"timestamp":"2026-05-19T22:50:41.230522Z","level":"info","event":"Filling up the DagBag from /opt/airflow/dags/dag.py","logger":"airflow.dag_processing.dagbag.BundleDagBag","filename":"dagbag.py","lineno":469}
{"timestamp":"2026-05-19T22:50:41.268461Z","level":"info","event":"Inizializzazione del DAG","logger":"root","filename":"dag.py","lineno":19}
{"timestamp":"2026-05-19T22:50:41.272044Z","level":"warning","event":"The `airflow.operators.python.PythonOperator` attribute is deprecated. Please use `'airflow.providers.standard.operators.python.PythonOperator'`.","category":"UserWarning","filename":"/opt/airflow/dags/dag.py","lineno":5,"logger":"py.warnings"}
{"timestamp":"2026-05-19T22:51:11.903464Z","level":"info","event":"Filling up the DagBag from /opt/airflow/dags/dag.py","logger":"airflow.dag_processing.dagbag.BundleDagBag","filename":"dagbag.py","lineno":469}
{"timestamp":"2026-05-19T22:51:11.942071Z","level":"info","event":"Inizializzazione del DAG","logger":"root","filename":"dag.py","lineno":19}
{"timestamp":"2026-05-19T22:51:11.946258Z","level":"warning","event":"The `airflow.operators.python.PythonOperator` attribute is deprecated. Please use `'airflow.providers.standard.operators.python.PythonOperator'`.","category":"UserWarning","filename":"/opt/airflow/dags/dag.py","lineno":5,"logger":"py.warnings"}
{"timestamp":"2026-05-19T22:51:42.656266Z","level":"info","event":"Filling up the DagBag from /opt/airflow/dags/dag.py","logger":"airflow.dag_processing.dagbag.BundleDagBag","filename":"dagbag.py","lineno":469}
{"timestamp":"2026-05-19T22:51:42.696869Z","level":"info","event":"Inizializzazione del DAG","logger":"root","filename":"dag.py","lineno":19}
{"timestamp":"2026-05-19T22:51:42.700316Z","level":"warning","event":"The `airflow.operators.python.PythonOperator` attribute is deprecated. Please use `'airflow.providers.standard.operators.python.PythonOperator'`.","category":"UserWarning","filename":"/opt/airflow/dags/dag.py","lineno":5,"logger":"py.warnings"}
{"timestamp":"2026-05-19T22:52:13.348125Z","level":"info","event":"Filling up the DagBag from /opt/airflow/dags/dag.py","logger":"airflow.dag_processing.dagbag.BundleDagBag","filename":"dagbag.py","lineno":469}
{"timestamp":"2026-05-19T22:52:13.392519Z","level":"info","event":"Inizializzazione del DAG","logger":"root","filename":"dag.py","lineno":19}
{"timestamp":"2026-05-19T22:52:13.396650Z","level":"warning","event":"The `airflow.operators.python.PythonOperator` attribute is deprecated. Please use `'airflow.providers.standard.operators.python.PythonOperator'`.","category":"UserWarning","filename":"/opt/airflow/dags/dag.py","lineno":5,"logger":"py.warnings"}
{"timestamp":"2026-05-19T22:52:44.145179Z","level":"info","event":"Filling up the DagBag from /opt/airflow/dags/dag.py","logger":"airflow.dag_processing.dagbag.BundleDagBag","filename":"dagbag.py","lineno":469}
{"timestamp":"2026-05-19T22:52:44.184279Z","level":"info","event":"Inizializzazione del DAG","logger":"root","filename":"dag.py","lineno":19}
{"timestamp":"2026-05-19T22:52:44.188391Z","level":"warning","event":"The `airflow.operators.python.PythonOperator` attribute is deprecated. Please use `'airflow.providers.standard.operators.python.PythonOperator'`.","category":"UserWarning","filename":"/opt/airflow/dags/dag.py","lineno":5,"logger":"py.warnings"}
{"timestamp":"2026-05-19T22:53:14.873036Z","level":"info","event":"Filling up the DagBag from /opt/airflow/dags/dag.py","logger":"airflow.dag_processing.dagbag.BundleDagBag","filename":"dagbag.py","lineno":469}
{"timestamp":"2026-05-19T22:53:14.914924Z","level":"info","event":"Inizializzazione del DAG","logger":"root","filename":"dag.py","lineno":19}
{"timestamp":"2026-05-19T22:53:14.919239Z","level":"warning","event":"The `airflow.operators.python.PythonOperator` attribute is deprecated. Please use `'airflow.providers.standard.operators.python.PythonOperator'`.","category":"UserWarning","filename":"/opt/airflow/dags/dag.py","lineno":5,"logger":"py.warnings"}
{"timestamp":"2026-05-19T22:53:45.529099Z","level":"info","event":"Filling up the DagBag from /opt/airflow/dags/dag.py","logger":"airflow.dag_processing.dagbag.BundleDagBag","filename":"dagbag.py","lineno":469}
{"timestamp":"2026-05-19T22:53:45.565893Z","level":"info","event":"Inizializzazione del DAG","logger":"root","filename":"dag.py","lineno":19}
{"timestamp":"2026-05-19T22:53:45.569402Z","level":"warning","event":"The `airflow.operators.python.PythonOperator` attribute is deprecated. Please use `'airflow.providers.standard.operators.python.PythonOperator'`.","category":"UserWarning","filename":"/opt/airflow/dags/dag.py","lineno":5,"logger":"py.warnings"}
{"timestamp":"2026-05-19T22:54:16.334365Z","level":"info","event":"Filling up the DagBag from /opt/airflow/dags/dag.py","logger":"airflow.dag_processing.dagbag.BundleDagBag","filename":"dagbag.py","lineno":469}
{"timestamp":"2026-05-19T22:54:16.375077Z","level":"info","event":"Inizializzazione del DAG","logger":"root","filename":"dag.py","lineno":19}
{"timestamp":"2026-05-19T22:54:16.378872Z","level":"warning","event":"The `airflow.operators.python.PythonOperator` attribute is deprecated. Please use `'airflow.providers.standard.operators.python.PythonOperator'`.","category":"UserWarning","filename":"/opt/airflow/dags/dag.py","lineno":5,"logger":"py.warnings"}
{"timestamp":"2026-05-19T22:54:47.094759Z","level":"info","event":"Filling up the DagBag from /opt/airflow/dags/dag.py","logger":"airflow.dag_processing.dagbag.BundleDagBag","filename":"dagbag.py","lineno":469}
{"timestamp":"2026-05-19T22:54:47.145207Z","level":"info","event":"Inizializzazione del DAG","logger":"root","filename":"dag.py","lineno":19}
{"timestamp":"2026-05-19T22:54:47.150830Z","level":"warning","event":"The `airflow.operators.python.PythonOperator` attribute is deprecated. Please use `'airflow.providers.standard.operators.python.PythonOperator'`.","category":"UserWarning","filename":"/opt/airflow/dags/dag.py","lineno":5,"logger":"py.warnings"}
{"timestamp":"2026-05-19T22:55:17.892603Z","level":"info","event":"Filling up the DagBag from /opt/airflow/dags/dag.py","logger":"airflow.dag_processing.dagbag.BundleDagBag","filename":"dagbag.py","lineno":469}
{"timestamp":"2026-05-19T22:55:17.975143Z","level":"info","event":"Inizializzazione del DAG","logger":"root","filename":"dag.py","lineno":19}
{"timestamp":"2026-05-19T22:55:17.982759Z","level":"warning","event":"The `airflow.operators.python.PythonOperator` attribute is deprecated. Please use `'airflow.providers.standard.operators.python.PythonOperator'`.","category":"UserWarning","filename":"/opt/airflow/dags/dag.py","lineno":5,"logger":"py.warnings"}
{"timestamp":"2026-05-19T22:55:48.717323Z","level":"info","event":"Filling up the DagBag from /opt/airflow/dags/dag.py","logger":"airflow.dag_processing.dagbag.BundleDagBag","filename":"dagbag.py","lineno":469}
{"timestamp":"2026-05-19T22:55:48.754647Z","level":"info","event":"Inizializzazione del DAG","logger":"root","filename":"dag.py","lineno":19}
{"timestamp":"2026-05-19T22:55:48.757810Z","level":"warning","event":"The `airflow.operators.python.PythonOperator` attribute is deprecated. Please use `'airflow.providers.standard.operators.python.PythonOperator'`.","category":"UserWarning","filename":"/opt/airflow/dags/dag.py","lineno":5,"logger":"py.warnings"}
{"timestamp":"2026-05-19T22:56:19.492800Z","level":"info","event":"Filling up the DagBag from /opt/airflow/dags/dag.py","logger":"airflow.dag_processing.dagbag.BundleDagBag","filename":"dagbag.py","lineno":469}
{"timestamp":"2026-05-19T22:56:19.544603Z","level":"info","event":"Inizializzazione del DAG","logger":"root","filename":"dag.py","lineno":19}
{"timestamp":"2026-05-19T22:56:19.548252Z","level":"warning","event":"The `airflow.operators.python.PythonOperator` attribute is deprecated. Please use `'airflow.providers.standard.operators.python.PythonOperator'`.","category":"UserWarning","filename":"/opt/airflow/dags/dag.py","lineno":5,"logger":"py.warnings"}
{"timestamp":"2026-05-19T22:56:50.204241Z","level":"info","event":"Filling up the DagBag from /opt/airflow/dags/dag.py","logger":"airflow.dag_processing.dagbag.BundleDagBag","filename":"dagbag.py","lineno":469}
{"timestamp":"2026-05-19T22:56:50.248107Z","level":"info","event":"Inizializzazione del DAG","logger":"root","filename":"dag.py","lineno":19}
{"timestamp":"2026-05-19T22:56:50.252671Z","level":"warning","event":"The `airflow.operators.python.PythonOperator` attribute is deprecated. Please use `'airflow.providers.standard.operators.python.PythonOperator'`.","category":"UserWarning","filename":"/opt/airflow/dags/dag.py","lineno":5,"logger":"py.warnings"}
{"timestamp":"2026-05-19T22:57:20.949031Z","level":"info","event":"Filling up the DagBag from /opt/airflow/dags/dag.py","logger":"airflow.dag_processing.dagbag.BundleDagBag","filename":"dagbag.py","lineno":469}
{"timestamp":"2026-05-19T22:57:20.989152Z","level":"info","event":"Inizializzazione del DAG","logger":"root","filename":"dag.py","lineno":19}
{"timestamp":"2026-05-19T22:57:20.992529Z","level":"warning","event":"The `airflow.operators.python.PythonOperator` attribute is deprecated. Please use `'airflow.providers.standard.operators.python.PythonOperator'`.","category":"UserWarning","filename":"/opt/airflow/dags/dag.py","lineno":5,"logger":"py.warnings"}
{"timestamp":"2026-05-19T22:57:51.777406Z","level":"info","event":"Filling up the DagBag from /opt/airflow/dags/dag.py","logger":"airflow.dag_processing.dagbag.BundleDagBag","filename":"dagbag.py","lineno":469}
{"timestamp":"2026-05-19T22:57:51.817878Z","level":"info","event":"Inizializzazione del DAG","logger":"root","filename":"dag.py","lineno":19}
{"timestamp":"2026-05-19T22:57:51.822334Z","level":"warning","event":"The `airflow.operators.python.PythonOperator` attribute is deprecated. Please use `'airflow.providers.standard.operators.python.PythonOperator'`.","category":"UserWarning","filename":"/opt/airflow/dags/dag.py","lineno":5,"logger":"py.warnings"}
{"timestamp":"2026-05-19T22:58:22.468578Z","level":"info","event":"Filling up the DagBag from /opt/airflow/dags/dag.py","logger":"airflow.dag_processing.dagbag.BundleDagBag","filename":"dagbag.py","lineno":469}
{"timestamp":"2026-05-19T22:58:22.545760Z","level":"info","event":"Inizializzazione del DAG","logger":"root","filename":"dag.py","lineno":19}
{"timestamp":"2026-05-19T22:58:22.556998Z","level":"warning","event":"The `airflow.operators.python.PythonOperator` attribute is deprecated. Please use `'airflow.providers.standard.operators.python.PythonOperator'`.","category":"UserWarning","filename":"/opt/airflow/dags/dag.py","lineno":5,"logger":"py.warnings"}
{"timestamp":"2026-05-19T22:58:53.292405Z","level":"info","event":"Filling up the DagBag from /opt/airflow/dags/dag.py","logger":"airflow.dag_processing.dagbag.BundleDagBag","filename":"dagbag.py","lineno":469}
{"timestamp":"2026-05-19T22:58:53.327712Z","level":"info","event":"Inizializzazione del DAG","logger":"root","filename":"dag.py","lineno":19}
{"timestamp":"2026-05-19T22:58:53.331005Z","level":"warning","event":"The `airflow.operators.python.PythonOperator` attribute is deprecated. Please use `'airflow.providers.standard.operators.python.PythonOperator'`.","category":"UserWarning","filename":"/opt/airflow/dags/dag.py","lineno":5,"logger":"py.warnings"}
{"timestamp":"2026-05-19T22:59:24.037637Z","level":"info","event":"Filling up the DagBag from /opt/airflow/dags/dag.py","logger":"airflow.dag_processing.dagbag.BundleDagBag","filename":"dagbag.py","lineno":469}
{"timestamp":"2026-05-19T22:59:24.074672Z","level":"info","event":"Inizializzazione del DAG","logger":"root","filename":"dag.py","lineno":19}
{"timestamp":"2026-05-19T22:59:24.077989Z","level":"warning","event":"The `airflow.operators.python.PythonOperator` attribute is deprecated. Please use `'airflow.providers.standard.operators.python.PythonOperator'`.","category":"UserWarning","filename":"/opt/airflow/dags/dag.py","lineno":5,"logger":"py.warnings"}
{"timestamp":"2026-05-19T22:59:54.770054Z","level":"info","event":"Filling up the DagBag from /opt/airflow/dags/dag.py","logger":"airflow.dag_processing.dagbag.BundleDagBag","filename":"dagbag.py","lineno":469}
{"timestamp":"2026-05-19T22:59:54.814207Z","level":"info","event":"Inizializzazione del DAG","logger":"root","filename":"dag.py","lineno":19}
{"timestamp":"2026-05-19T22:59:54.818066Z","level":"warning","event":"The `airflow.operators.python.PythonOperator` attribute is deprecated. Please use `'airflow.providers.standard.operators.python.PythonOperator'`.","category":"UserWarning","filename":"/opt/airflow/dags/dag.py","lineno":5,"logger":"py.warnings"}
{"timestamp":"2026-05-19T23:00:25.525171Z","level":"info","event":"Filling up the DagBag from /opt/airflow/dags/dag.py","logger":"airflow.dag_processing.dagbag.BundleDagBag","filename":"dagbag.py","lineno":469}
{"timestamp":"2026-05-19T23:00:25.563613Z","level":"info","event":"Inizializzazione del DAG","logger":"root","filename":"dag.py","lineno":19}
{"timestamp":"2026-05-19T23:00:25.567133Z","level":"warning","event":"The `airflow.operators.python.PythonOperator` attribute is deprecated. Please use `'airflow.providers.standard.operators.python.PythonOperator'`.","category":"UserWarning","filename":"/opt/airflow/dags/dag.py","lineno":5,"logger":"py.warnings"}
{"timestamp":"2026-05-19T23:00:56.235319Z","level":"info","event":"Filling up the DagBag from /opt/airflow/dags/dag.py","logger":"airflow.dag_processing.dagbag.BundleDagBag","filename":"dagbag.py","lineno":469}
{"timestamp":"2026-05-19T23:00:56.272839Z","level":"info","event":"Inizializzazione del DAG","logger":"root","filename":"dag.py","lineno":19}
{"timestamp":"2026-05-19T23:00:56.276290Z","level":"warning","event":"The `airflow.operators.python.PythonOperator` attribute is deprecated. Please use `'airflow.providers.standard.operators.python.PythonOperator'`.","category":"UserWarning","filename":"/opt/airflow/dags/dag.py","lineno":5,"logger":"py.warnings"}
{"timestamp":"2026-05-19T23:01:26.958731Z","level":"info","event":"Filling up the DagBag from /opt/airflow/dags/dag.py","logger":"airflow.dag_processing.dagbag.BundleDagBag","filename":"dagbag.py","lineno":469}
{"timestamp":"2026-05-19T23:01:26.995698Z","level":"info","event":"Inizializzazione del DAG","logger":"root","filename":"dag.py","lineno":19}
{"timestamp":"2026-05-19T23:01:26.999022Z","level":"warning","event":"The `airflow.operators.python.PythonOperator` attribute is deprecated. Please use `'airflow.providers.standard.operators.python.PythonOperator'`.","category":"UserWarning","filename":"/opt/airflow/dags/dag.py","lineno":5,"logger":"py.warnings"}
{"timestamp":"2026-05-19T23:01:57.716119Z","level":"info","event":"Filling up the DagBag from /opt/airflow/dags/dag.py","logger":"airflow.dag_processing.dagbag.BundleDagBag","filename":"dagbag.py","lineno":469}
{"timestamp":"2026-05-19T23:01:57.765240Z","level":"info","event":"Inizializzazione del DAG","logger":"root","filename":"dag.py","lineno":19}
{"timestamp":"2026-05-19T23:01:57.771030Z","level":"warning","event":"The `airflow.operators.python.PythonOperator` attribute is deprecated. Please use `'airflow.providers.standard.operators.python.PythonOperator'`.","category":"UserWarning","filename":"/opt/airflow/dags/dag.py","lineno":5,"logger":"py.warnings"}
{"timestamp":"2026-05-19T23:02:28.509909Z","level":"info","event":"Filling up the DagBag from /opt/airflow/dags/dag.py","logger":"airflow.dag_processing.dagbag.BundleDagBag","filename":"dagbag.py","lineno":469}
{"timestamp":"2026-05-19T23:02:28.548484Z","level":"info","event":"Inizializzazione del DAG","logger":"root","filename":"dag.py","lineno":19}
{"timestamp":"2026-05-19T23:02:28.551832Z","level":"warning","event":"The `airflow.operators.python.PythonOperator` attribute is deprecated. Please use `'airflow.providers.standard.operators.python.PythonOperator'`.","category":"UserWarning","filename":"/opt/airflow/dags/dag.py","lineno":5,"logger":"py.warnings"}
{"timestamp":"2026-05-19T23:02:59.190236Z","level":"info","event":"Filling up the DagBag from /opt/airflow/dags/dag.py","logger":"airflow.dag_processing.dagbag.BundleDagBag","filename":"dagbag.py","lineno":469}
{"timestamp":"2026-05-19T23:02:59.229803Z","level":"info","event":"Inizializzazione del DAG","logger":"root","filename":"dag.py","lineno":19}
{"timestamp":"2026-05-19T23:02:59.232873Z","level":"warning","event":"The `airflow.operators.python.PythonOperator` attribute is deprecated. Please use `'airflow.providers.standard.operators.python.PythonOperator'`.","category":"UserWarning","filename":"/opt/airflow/dags/dag.py","lineno":5,"logger":"py.warnings"}
{"timestamp":"2026-05-19T23:03:29.964389Z","level":"info","event":"Filling up the DagBag from /opt/airflow/dags/dag.py","logger":"airflow.dag_processing.dagbag.BundleDagBag","filename":"dagbag.py","lineno":469}
{"timestamp":"2026-05-19T23:03:30.004634Z","level":"info","event":"Inizializzazione del DAG","logger":"root","filename":"dag.py","lineno":19}
{"timestamp":"2026-05-19T23:03:30.008304Z","level":"warning","event":"The `airflow.operators.python.PythonOperator` attribute is deprecated. Please use `'airflow.providers.standard.operators.python.PythonOperator'`.","category":"UserWarning","filename":"/opt/airflow/dags/dag.py","lineno":5,"logger":"py.warnings"}
{"timestamp":"2026-05-19T23:04:00.685488Z","level":"info","event":"Filling up the DagBag from /opt/airflow/dags/dag.py","logger":"airflow.dag_processing.dagbag.BundleDagBag","filename":"dagbag.py","lineno":469}
{"timestamp":"2026-05-19T23:04:00.724211Z","level":"info","event":"Inizializzazione del DAG","logger":"root","filename":"dag.py","lineno":19}
{"timestamp":"2026-05-19T23:04:00.727393Z","level":"warning","event":"The `airflow.operators.python.PythonOperator` attribute is deprecated. Please use `'airflow.providers.standard.operators.python.PythonOperator'`.","category":"UserWarning","filename":"/opt/airflow/dags/dag.py","lineno":5,"logger":"py.warnings"}
{"timestamp":"2026-05-19T23:04:31.378298Z","level":"info","event":"Filling up the DagBag from /opt/airflow/dags/dag.py","logger":"airflow.dag_processing.dagbag.BundleDagBag","filename":"dagbag.py","lineno":469}
{"timestamp":"2026-05-19T23:04:31.414329Z","level":"info","event":"Inizializzazione del DAG","logger":"root","filename":"dag.py","lineno":19}
{"timestamp":"2026-05-19T23:04:31.417759Z","level":"warning","event":"The `airflow.operators.python.PythonOperator` attribute is deprecated. Please use `'airflow.providers.standard.operators.python.PythonOperator'`.","category":"UserWarning","filename":"/opt/airflow/dags/dag.py","lineno":5,"logger":"py.warnings"}
{"timestamp":"2026-05-19T23:05:02.103226Z","level":"info","event":"Filling up the DagBag from /opt/airflow/dags/dag.py","logger":"airflow.dag_processing.dagbag.BundleDagBag","filename":"dagbag.py","lineno":469}
{"timestamp":"2026-05-19T23:05:02.139321Z","level":"info","event":"Inizializzazione del DAG","logger":"root","filename":"dag.py","lineno":19}
{"timestamp":"2026-05-19T23:05:02.142636Z","level":"warning","event":"The `airflow.operators.python.PythonOperator` attribute is deprecated. Please use `'airflow.providers.standard.operators.python.PythonOperator'`.","category":"UserWarning","filename":"/opt/airflow/dags/dag.py","lineno":5,"logger":"py.warnings"}
{"timestamp":"2026-05-19T23:05:32.922681Z","level":"info","event":"Filling up the DagBag from /opt/airflow/dags/dag.py","logger":"airflow.dag_processing.dagbag.BundleDagBag","filename":"dagbag.py","lineno":469}
{"timestamp":"2026-05-19T23:05:32.991828Z","level":"info","event":"Inizializzazione del DAG","logger":"root","filename":"dag.py","lineno":19}
{"timestamp":"2026-05-19T23:05:32.998308Z","level":"warning","event":"The `airflow.operators.python.PythonOperator` attribute is deprecated. Please use `'airflow.providers.standard.operators.python.PythonOperator'`.","category":"UserWarning","filename":"/opt/airflow/dags/dag.py","lineno":5,"logger":"py.warnings"}
{"timestamp":"2026-05-19T23:06:03.637128Z","level":"info","event":"Filling up the DagBag from /opt/airflow/dags/dag.py","logger":"airflow.dag_processing.dagbag.BundleDagBag","filename":"dagbag.py","lineno":469}
{"timestamp":"2026-05-19T23:06:03.677063Z","level":"info","event":"Inizializzazione del DAG","logger":"root","filename":"dag.py","lineno":19}
{"timestamp":"2026-05-19T23:06:03.681193Z","level":"warning","event":"The `airflow.operators.python.PythonOperator` attribute is deprecated. Please use `'airflow.providers.standard.operators.python.PythonOperator'`.","category":"UserWarning","filename":"/opt/airflow/dags/dag.py","lineno":5,"logger":"py.warnings"}
{"timestamp":"2026-05-19T23:06:34.435050Z","level":"info","event":"Filling up the DagBag from /opt/airflow/dags/dag.py","logger":"airflow.dag_processing.dagbag.BundleDagBag","filename":"dagbag.py","lineno":469}
{"timestamp":"2026-05-19T23:06:34.472728Z","level":"info","event":"Inizializzazione del DAG","logger":"root","filename":"dag.py","lineno":19}
{"timestamp":"2026-05-19T23:06:34.475708Z","level":"warning","event":"The `airflow.operators.python.PythonOperator` attribute is deprecated. Please use `'airflow.providers.standard.operators.python.PythonOperator'`.","category":"UserWarning","filename":"/opt/airflow/dags/dag.py","lineno":5,"logger":"py.warnings"}
{"timestamp":"2026-05-19T23:07:05.163485Z","level":"info","event":"Filling up the DagBag from /opt/airflow/dags/dag.py","logger":"airflow.dag_processing.dagbag.BundleDagBag","filename":"dagbag.py","lineno":469}
{"timestamp":"2026-05-19T23:07:05.206944Z","level":"info","event":"Inizializzazione del DAG","logger":"root","filename":"dag.py","lineno":19}
{"timestamp":"2026-05-19T23:07:05.210420Z","level":"warning","event":"The `airflow.operators.python.PythonOperator` attribute is deprecated. Please use `'airflow.providers.standard.operators.python.PythonOperator'`.","category":"UserWarning","filename":"/opt/airflow/dags/dag.py","lineno":5,"logger":"py.warnings"}
{"timestamp":"2026-05-19T23:07:35.903438Z","level":"info","event":"Filling up the DagBag from /opt/airflow/dags/dag.py","logger":"airflow.dag_processing.dagbag.BundleDagBag","filename":"dagbag.py","lineno":469}
{"timestamp":"2026-05-19T23:07:35.941832Z","level":"info","event":"Inizializzazione del DAG","logger":"root","filename":"dag.py","lineno":19}
{"timestamp":"2026-05-19T23:07:35.945194Z","level":"warning","event":"The `airflow.operators.python.PythonOperator` attribute is deprecated. Please use `'airflow.providers.standard.operators.python.PythonOperator'`.","category":"UserWarning","filename":"/opt/airflow/dags/dag.py","lineno":5,"logger":"py.warnings"}
{"timestamp":"2026-05-19T23:08:06.660460Z","level":"info","event":"Filling up the DagBag from /opt/airflow/dags/dag.py","logger":"airflow.dag_processing.dagbag.BundleDagBag","filename":"dagbag.py","lineno":469}
{"timestamp":"2026-05-19T23:08:06.699160Z","level":"info","event":"Inizializzazione del DAG","logger":"root","filename":"dag.py","lineno":19}
{"timestamp":"2026-05-19T23:08:06.702483Z","level":"warning","event":"The `airflow.operators.python.PythonOperator` attribute is deprecated. Please use `'airflow.providers.standard.operators.python.PythonOperator'`.","category":"UserWarning","filename":"/opt/airflow/dags/dag.py","lineno":5,"logger":"py.warnings"}
{"timestamp":"2026-05-19T23:08:37.370038Z","level":"info","event":"Filling up the DagBag from /opt/airflow/dags/dag.py","logger":"airflow.dag_processing.dagbag.BundleDagBag","filename":"dagbag.py","lineno":469}
{"timestamp":"2026-05-19T23:08:37.409050Z","level":"info","event":"Inizializzazione del DAG","logger":"root","filename":"dag.py","lineno":19}
{"timestamp":"2026-05-19T23:08:37.412713Z","level":"warning","event":"The `airflow.operators.python.PythonOperator` attribute is deprecated. Please use `'airflow.providers.standard.operators.python.PythonOperator'`.","category":"UserWarning","filename":"/opt/airflow/dags/dag.py","lineno":5,"logger":"py.warnings"}
{"timestamp":"2026-05-19T23:09:08.192815Z","level":"info","event":"Filling up the DagBag from /opt/airflow/dags/dag.py","logger":"airflow.dag_processing.dagbag.BundleDagBag","filename":"dagbag.py","lineno":469}
{"timestamp":"2026-05-19T23:09:08.242269Z","level":"info","event":"Inizializzazione del DAG","logger":"root","filename":"dag.py","lineno":19}
{"timestamp":"2026-05-19T23:09:08.247035Z","level":"warning","event":"The `airflow.operators.python.PythonOperator` attribute is deprecated. Please use `'airflow.providers.standard.operators.python.PythonOperator'`.","category":"UserWarning","filename":"/opt/airflow/dags/dag.py","lineno":5,"logger":"py.warnings"}
{"timestamp":"2026-05-19T23:09:39.043004Z","level":"info","event":"Filling up the DagBag from /opt/airflow/dags/dag.py","logger":"airflow.dag_processing.dagbag.BundleDagBag","filename":"dagbag.py","lineno":469}
{"timestamp":"2026-05-19T23:09:39.079807Z","level":"info","event":"Inizializzazione del DAG","logger":"root","filename":"dag.py","lineno":19}
{"timestamp":"2026-05-19T23:09:39.083251Z","level":"warning","event":"The `airflow.operators.python.PythonOperator` attribute is deprecated. Please use `'airflow.providers.standard.operators.python.PythonOperator'`.","category":"UserWarning","filename":"/opt/airflow/dags/dag.py","lineno":5,"logger":"py.warnings"}
{"timestamp":"2026-05-19T23:10:09.701088Z","level":"info","event":"Filling up the DagBag from /opt/airflow/dags/dag.py","logger":"airflow.dag_processing.dagbag.BundleDagBag","filename":"dagbag.py","lineno":469}
{"timestamp":"2026-05-19T23:10:09.738165Z","level":"info","event":"Inizializzazione del DAG","logger":"root","filename":"dag.py","lineno":19}
{"timestamp":"2026-05-19T23:10:09.741536Z","level":"warning","event":"The `airflow.operators.python.PythonOperator` attribute is deprecated. Please use `'airflow.providers.standard.operators.python.PythonOperator'`.","category":"UserWarning","filename":"/opt/airflow/dags/dag.py","lineno":5,"logger":"py.warnings"}
{"timestamp":"2026-05-19T23:10:40.471252Z","level":"info","event":"Filling up the DagBag from /opt/airflow/dags/dag.py","logger":"airflow.dag_processing.dagbag.BundleDagBag","filename":"dagbag.py","lineno":469}
{"timestamp":"2026-05-19T23:10:40.508335Z","level":"info","event":"Inizializzazione del DAG","logger":"root","filename":"dag.py","lineno":19}
{"timestamp":"2026-05-19T23:10:40.511513Z","level":"warning","event":"The `airflow.operators.python.PythonOperator` attribute is deprecated. Please use `'airflow.providers.standard.operators.python.PythonOperator'`.","category":"UserWarning","filename":"/opt/airflow/dags/dag.py","lineno":5,"logger":"py.warnings"}
{"timestamp":"2026-05-19T23:11:11.260286Z","level":"info","event":"Filling up the DagBag from /opt/airflow/dags/dag.py","logger":"airflow.dag_processing.dagbag.BundleDagBag","filename":"dagbag.py","lineno":469}
{"timestamp":"2026-05-19T23:11:11.298362Z","level":"info","event":"Inizializzazione del DAG","logger":"root","filename":"dag.py","lineno":19}
{"timestamp":"2026-05-19T23:11:11.302524Z","level":"warning","event":"The `airflow.operators.python.PythonOperator` attribute is deprecated. Please use `'airflow.providers.standard.operators.python.PythonOperator'`.","category":"UserWarning","filename":"/opt/airflow/dags/dag.py","lineno":5,"logger":"py.warnings"}
{"timestamp":"2026-05-19T23:11:42.041040Z","level":"info","event":"Filling up the DagBag from /opt/airflow/dags/dag.py","logger":"airflow.dag_processing.dagbag.BundleDagBag","filename":"dagbag.py","lineno":469}
{"timestamp":"2026-05-19T23:11:42.080172Z","level":"info","event":"Inizializzazione del DAG","logger":"root","filename":"dag.py","lineno":19}
{"timestamp":"2026-05-19T23:11:42.083342Z","level":"warning","event":"The `airflow.operators.python.PythonOperator` attribute is deprecated. Please use `'airflow.providers.standard.operators.python.PythonOperator'`.","category":"UserWarning","filename":"/opt/airflow/dags/dag.py","lineno":5,"logger":"py.warnings"}
{"timestamp":"2026-05-19T23:12:12.770708Z","level":"info","event":"Filling up the DagBag from /opt/airflow/dags/dag.py","logger":"airflow.dag_processing.dagbag.BundleDagBag","filename":"dagbag.py","lineno":469}
{"timestamp":"2026-05-19T23:12:12.808582Z","level":"info","event":"Inizializzazione del DAG","logger":"root","filename":"dag.py","lineno":19}
{"timestamp":"2026-05-19T23:12:12.811853Z","level":"warning","event":"The `airflow.operators.python.PythonOperator` attribute is deprecated. Please use `'airflow.providers.standard.operators.python.PythonOperator'`.","category":"UserWarning","filename":"/opt/airflow/dags/dag.py","lineno":5,"logger":"py.warnings"}
{"timestamp":"2026-05-19T23:12:43.529508Z","level":"info","event":"Filling up the DagBag from /opt/airflow/dags/dag.py","logger":"airflow.dag_processing.dagbag.BundleDagBag","filename":"dagbag.py","lineno":469}
{"timestamp":"2026-05-19T23:12:43.576478Z","level":"info","event":"Inizializzazione del DAG","logger":"root","filename":"dag.py","lineno":19}
{"timestamp":"2026-05-19T23:12:43.579852Z","level":"warning","event":"The `airflow.operators.python.PythonOperator` attribute is deprecated. Please use `'airflow.providers.standard.operators.python.PythonOperator'`.","category":"UserWarning","filename":"/opt/airflow/dags/dag.py","lineno":5,"logger":"py.warnings"}
{"timestamp":"2026-05-19T23:13:14.216914Z","level":"info","event":"Filling up the DagBag from /opt/airflow/dags/dag.py","logger":"airflow.dag_processing.dagbag.BundleDagBag","filename":"dagbag.py","lineno":469}
{"timestamp":"2026-05-19T23:13:14.253290Z","level":"info","event":"Inizializzazione del DAG","logger":"root","filename":"dag.py","lineno":19}
{"timestamp":"2026-05-19T23:13:14.256654Z","level":"warning","event":"The `airflow.operators.python.PythonOperator` attribute is deprecated. Please use `'airflow.providers.standard.operators.python.PythonOperator'`.","category":"UserWarning","filename":"/opt/airflow/dags/dag.py","lineno":5,"logger":"py.warnings"}
{"timestamp":"2026-05-19T23:13:44.873361Z","level":"info","event":"Filling up the DagBag from /opt/airflow/dags/dag.py","logger":"airflow.dag_processing.dagbag.BundleDagBag","filename":"dagbag.py","lineno":469}
{"timestamp":"2026-05-19T23:13:44.910699Z","level":"info","event":"Inizializzazione del DAG","logger":"root","filename":"dag.py","lineno":19}
{"timestamp":"2026-05-19T23:13:44.914077Z","level":"warning","event":"The `airflow.operators.python.PythonOperator` attribute is deprecated. Please use `'airflow.providers.standard.operators.python.PythonOperator'`.","category":"UserWarning","filename":"/opt/airflow/dags/dag.py","lineno":5,"logger":"py.warnings"}
{"timestamp":"2026-05-19T23:14:15.492160Z","level":"info","event":"Filling up the DagBag from /opt/airflow/dags/dag.py","logger":"airflow.dag_processing.dagbag.BundleDagBag","filename":"dagbag.py","lineno":469}
{"timestamp":"2026-05-19T23:14:15.534087Z","level":"info","event":"Inizializzazione del DAG","logger":"root","filename":"dag.py","lineno":19}
{"timestamp":"2026-05-19T23:14:15.537741Z","level":"warning","event":"The `airflow.operators.python.PythonOperator` attribute is deprecated. Please use `'airflow.providers.standard.operators.python.PythonOperator'`.","category":"UserWarning","filename":"/opt/airflow/dags/dag.py","lineno":5,"logger":"py.warnings"}
{"timestamp":"2026-05-19T23:14:46.274673Z","level":"info","event":"Filling up the DagBag from /opt/airflow/dags/dag.py","logger":"airflow.dag_processing.dagbag.BundleDagBag","filename":"dagbag.py","lineno":469}
{"timestamp":"2026-05-19T23:14:46.311054Z","level":"info","event":"Inizializzazione del DAG","logger":"root","filename":"dag.py","lineno":19}
{"timestamp":"2026-05-19T23:14:46.314204Z","level":"warning","event":"The `airflow.operators.python.PythonOperator` attribute is deprecated. Please use `'airflow.providers.standard.operators.python.PythonOperator'`.","category":"UserWarning","filename":"/opt/airflow/dags/dag.py","lineno":5,"logger":"py.warnings"}
{"timestamp":"2026-05-19T23:15:16.957952Z","level":"info","event":"Filling up the DagBag from /opt/airflow/dags/dag.py","logger":"airflow.dag_processing.dagbag.BundleDagBag","filename":"dagbag.py","lineno":469}
{"timestamp":"2026-05-19T23:15:17.000569Z","level":"info","event":"Inizializzazione del DAG","logger":"root","filename":"dag.py","lineno":19}
{"timestamp":"2026-05-19T23:15:17.004165Z","level":"warning","event":"The `airflow.operators.python.PythonOperator` attribute is deprecated. Please use `'airflow.providers.standard.operators.python.PythonOperator'`.","category":"UserWarning","filename":"/opt/airflow/dags/dag.py","lineno":5,"logger":"py.warnings"}
{"timestamp":"2026-05-19T23:15:47.722021Z","level":"info","event":"Filling up the DagBag from /opt/airflow/dags/dag.py","logger":"airflow.dag_processing.dagbag.BundleDagBag","filename":"dagbag.py","lineno":469}
{"timestamp":"2026-05-19T23:15:47.778970Z","level":"info","event":"Inizializzazione del DAG","logger":"root","filename":"dag.py","lineno":19}
{"timestamp":"2026-05-19T23:15:47.785193Z","level":"warning","event":"The `airflow.operators.python.PythonOperator` attribute is deprecated. Please use `'airflow.providers.standard.operators.python.PythonOperator'`.","category":"UserWarning","filename":"/opt/airflow/dags/dag.py","lineno":5,"logger":"py.warnings"}
{"timestamp":"2026-05-19T23:16:18.516805Z","level":"info","event":"Filling up the DagBag from /opt/airflow/dags/dag.py","logger":"airflow.dag_processing.dagbag.BundleDagBag","filename":"dagbag.py","lineno":469}
{"timestamp":"2026-05-19T23:16:18.561925Z","level":"info","event":"Inizializzazione del DAG","logger":"root","filename":"dag.py","lineno":19}
{"timestamp":"2026-05-19T23:16:18.565628Z","level":"warning","event":"The `airflow.operators.python.PythonOperator` attribute is deprecated. Please use `'airflow.providers.standard.operators.python.PythonOperator'`.","category":"UserWarning","filename":"/opt/airflow/dags/dag.py","lineno":5,"logger":"py.warnings"}
{"timestamp":"2026-05-19T23:16:49.370871Z","level":"info","event":"Filling up the DagBag from /opt/airflow/dags/dag.py","logger":"airflow.dag_processing.dagbag.BundleDagBag","filename":"dagbag.py","lineno":469}
{"timestamp":"2026-05-19T23:16:49.483524Z","level":"info","event":"Inizializzazione del DAG","logger":"root","filename":"dag.py","lineno":19}
{"timestamp":"2026-05-19T23:16:49.491609Z","level":"warning","event":"The `airflow.operators.python.PythonOperator` attribute is deprecated. Please use `'airflow.providers.standard.operators.python.PythonOperator'`.","category":"UserWarning","filename":"/opt/airflow/dags/dag.py","lineno":5,"logger":"py.warnings"}
{"timestamp":"2026-05-19T23:17:20.102778Z","level":"info","event":"Filling up the DagBag from /opt/airflow/dags/dag.py","logger":"airflow.dag_processing.dagbag.BundleDagBag","filename":"dagbag.py","lineno":469}
{"timestamp":"2026-05-19T23:17:20.145419Z","level":"info","event":"Inizializzazione del DAG","logger":"root","filename":"dag.py","lineno":19}
{"timestamp":"2026-05-19T23:17:20.149160Z","level":"warning","event":"The `airflow.operators.python.PythonOperator` attribute is deprecated. Please use `'airflow.providers.standard.operators.python.PythonOperator'`.","category":"UserWarning","filename":"/opt/airflow/dags/dag.py","lineno":5,"logger":"py.warnings"}
{"timestamp":"2026-05-19T23:17:50.737532Z","level":"info","event":"Filling up the DagBag from /opt/airflow/dags/dag.py","logger":"airflow.dag_processing.dagbag.BundleDagBag","filename":"dagbag.py","lineno":469}
{"timestamp":"2026-05-19T23:17:50.781824Z","level":"info","event":"Inizializzazione del DAG","logger":"root","filename":"dag.py","lineno":19}
{"timestamp":"2026-05-19T23:17:50.787222Z","level":"warning","event":"The `airflow.operators.python.PythonOperator` attribute is deprecated. Please use `'airflow.providers.standard.operators.python.PythonOperator'`.","category":"UserWarning","filename":"/opt/airflow/dags/dag.py","lineno":5,"logger":"py.warnings"}
{"timestamp":"2026-05-19T23:18:21.357150Z","level":"info","event":"Filling up the DagBag from /opt/airflow/dags/dag.py","logger":"airflow.dag_processing.dagbag.BundleDagBag","filename":"dagbag.py","lineno":469}
{"timestamp":"2026-05-19T23:18:21.396012Z","level":"info","event":"Inizializzazione del DAG","logger":"root","filename":"dag.py","lineno":19}
{"timestamp":"2026-05-19T23:18:21.399531Z","level":"warning","event":"The `airflow.operators.python.PythonOperator` attribute is deprecated. Please use `'airflow.providers.standard.operators.python.PythonOperator'`.","category":"UserWarning","filename":"/opt/airflow/dags/dag.py","lineno":5,"logger":"py.warnings"}
{"timestamp":"2026-05-19T23:18:52.007693Z","level":"info","event":"Filling up the DagBag from /opt/airflow/dags/dag.py","logger":"airflow.dag_processing.dagbag.BundleDagBag","filename":"dagbag.py","lineno":469}
{"timestamp":"2026-05-19T23:18:52.056240Z","level":"info","event":"Inizializzazione del DAG","logger":"root","filename":"dag.py","lineno":19}
{"timestamp":"2026-05-19T23:18:52.062686Z","level":"warning","event":"The `airflow.operators.python.PythonOperator` attribute is deprecated. Please use `'airflow.providers.standard.operators.python.PythonOperator'`.","category":"UserWarning","filename":"/opt/airflow/dags/dag.py","lineno":5,"logger":"py.warnings"}
{"timestamp":"2026-05-19T23:19:22.535817Z","level":"info","event":"Filling up the DagBag from /opt/airflow/dags/dag.py","logger":"airflow.dag_processing.dagbag.BundleDagBag","filename":"dagbag.py","lineno":469}
{"timestamp":"2026-05-19T23:19:22.578830Z","level":"info","event":"Inizializzazione del DAG","logger":"root","filename":"dag.py","lineno":19}
{"timestamp":"2026-05-19T23:19:22.583258Z","level":"warning","event":"The `airflow.operators.python.PythonOperator` attribute is deprecated. Please use `'airflow.providers.standard.operators.python.PythonOperator'`.","category":"UserWarning","filename":"/opt/airflow/dags/dag.py","lineno":5,"logger":"py.warnings"}
{"timestamp":"2026-05-19T23:19:53.132929Z","level":"info","event":"Filling up the DagBag from /opt/airflow/dags/dag.py","logger":"airflow.dag_processing.dagbag.BundleDagBag","filename":"dagbag.py","lineno":469}
{"timestamp":"2026-05-19T23:19:53.187287Z","level":"info","event":"Inizializzazione del DAG","logger":"root","filename":"dag.py","lineno":19}
{"timestamp":"2026-05-19T23:19:53.191667Z","level":"warning","event":"The `airflow.operators.python.PythonOperator` attribute is deprecated. Please use `'airflow.providers.standard.operators.python.PythonOperator'`.","category":"UserWarning","filename":"/opt/airflow/dags/dag.py","lineno":5,"logger":"py.warnings"}
{"timestamp":"2026-05-19T23:20:23.809490Z","level":"info","event":"Filling up the DagBag from /opt/airflow/dags/dag.py","logger":"airflow.dag_processing.dagbag.BundleDagBag","filename":"dagbag.py","lineno":469}
{"timestamp":"2026-05-19T23:20:23.851600Z","level":"info","event":"Inizializzazione del DAG","logger":"root","filename":"dag.py","lineno":19}
{"timestamp":"2026-05-19T23:20:23.856050Z","level":"warning","event":"The `airflow.operators.python.PythonOperator` attribute is deprecated. Please use `'airflow.providers.standard.operators.python.PythonOperator'`.","category":"UserWarning","filename":"/opt/airflow/dags/dag.py","lineno":5,"logger":"py.warnings"}
